Python_Line,Python_Function,Python_Action,Rust_Line,Rust_Function,Rust_Action,Match_Status,Variable_Differences,Notes
1,sRGB_to_xyY,CALC normalized RGB from 0-255 to 0-1,,,,no_corresponding_rust_line,,
2,sRGB_to_xyY,ENTER converting sRGB to xyY,,,,no_corresponding_rust_line,,
3,sRGB_to_xyY,CALL calling sRGB_to_XYZ,,,,no_corresponding_rust_line,,
4,sRGB_to_xyY,CALC XYZ calculated,,,,no_corresponding_rust_line,,
5,sRGB_to_xyY,CALL calling XYZ_to_xyY,,,,no_corresponding_rust_line,,
6,sRGB_to_xyY,RETURN xyY calculated,,,,no_corresponding_rust_line,,
7,_xyY_to_munsell_specification,ENTER internal algorithm entry,1,xyy_to_munsell_specification,ENTER ,variable_mismatch,xyY: Variable not found in Rust trace,
8,hue_to_hue_angle,ENTER hue to angle conversion,17,hue_to_hue_angle,ENTER ,variable_mismatch,hue: Type mismatch: list vs float,
9,hue_to_hue_angle,RETURN angle calculated,28,hue_to_hue_angle,RETURN interpolated angle,variable_mismatch,result: Float diff: 2.69e-02,
10,maximum_chroma_from_renotation,ENTER maximum chroma lookup,30,maximum_chroma_from_renotation,ENTER ,variable_mismatch,hue: Type mismatch: list vs float; value: Type mismatch: NoneType vs float,
11,bounding_hues_from_renotation,ENTER bounding hues calculation,,,,no_corresponding_rust_line,,
12,bounding_hues_from_renotation,RETURN bounding hues found,,,,no_corresponding_rust_line,,
13,maximum_chroma_from_renotation,RETURN maximum chroma found,32,maximum_chroma_from_renotation,RETURN ,variable_mismatch,result: Float diff: 9.81e-04,
14,xy_from_renotation_ovoid,ENTER xy coordinate calculation,,,,no_corresponding_rust_line,,
15,bounding_hues_from_renotation,ENTER bounding hues calculation,,,,no_corresponding_rust_line,,
16,bounding_hues_from_renotation,RETURN bounding hues found,,,,no_corresponding_rust_line,,
17,hue_to_hue_angle,ENTER hue to angle conversion,62,hue_to_hue_angle,ENTER ,variable_mismatch,hue: Type mismatch: list vs float,
18,hue_to_hue_angle,RETURN angle calculated,73,hue_to_hue_angle,RETURN interpolated angle,variable_mismatch,result: Float diff: 6.04e-01,
19,hue_to_hue_angle,ENTER hue to angle conversion,107,hue_to_hue_angle,ENTER ,variable_mismatch,hue: Type mismatch: list vs float,
20,hue_to_hue_angle,RETURN angle calculated,118,hue_to_hue_angle,RETURN interpolated angle,variable_mismatch,result: Float diff: 2.69e-02,
21,hue_to_hue_angle,ENTER hue to angle conversion,152,hue_to_hue_angle,ENTER ,variable_mismatch,hue: Type mismatch: list vs float,
22,hue_to_hue_angle,RETURN angle calculated,163,hue_to_hue_angle,RETURN interpolated angle,variable_mismatch,result: Float diff: 5.65e+00,
23,interpolation_method_from_renotation_ovoid,ENTER interpolation method determination,,,,no_corresponding_rust_line,,
24,interpolation_method_from_renotation_ovoid,RETURN interpolation method determined,,,,no_corresponding_rust_line,,
25,xy_from_renotation_ovoid,RETURN xy coordinates calculated,,,,no_corresponding_rust_line,,
26,hue_angle_to_hue,ENTER angle to hue conversion,179,hue_angle_to_hue,ENTER ,variable_mismatch,hue_angle: Float diff: 4.22e-01,
27,hue_angle_to_hue,RETURN hue calculated,188,hue_angle_to_hue,RETURN ,variable_mismatch,result: Variable not found in Rust trace,
28,xy_from_renotation_ovoid,ENTER xy coordinate calculation,,,,no_corresponding_rust_line,,
29,bounding_hues_from_renotation,ENTER bounding hues calculation,,,,no_corresponding_rust_line,,
30,bounding_hues_from_renotation,RETURN bounding hues found,,,,no_corresponding_rust_line,,
31,hue_to_hue_angle,ENTER hue to angle conversion,197,hue_to_hue_angle,ENTER ,variable_mismatch,hue: Type mismatch: list vs float,
32,hue_to_hue_angle,RETURN angle calculated,208,hue_to_hue_angle,RETURN interpolated angle,variable_mismatch,result: Float diff: 5.65e+00,
33,hue_to_hue_angle,ENTER hue to angle conversion,242,hue_to_hue_angle,ENTER ,variable_mismatch,hue: Type mismatch: list vs float,
34,hue_to_hue_angle,RETURN angle calculated,253,hue_to_hue_angle,RETURN interpolated angle,variable_mismatch,result: Float diff: 9.04e+00,
35,hue_to_hue_angle,ENTER hue to angle conversion,287,hue_to_hue_angle,ENTER ,variable_mismatch,hue: Type mismatch: list vs float,
36,hue_to_hue_angle,RETURN angle calculated,298,hue_to_hue_angle,RETURN interpolated angle,variable_mismatch,result: Float diff: 1.19e+01,
37,interpolation_method_from_renotation_ovoid,ENTER interpolation method determination,,,,no_corresponding_rust_line,,
38,interpolation_method_from_renotation_ovoid,RETURN interpolation method determined,,,,no_corresponding_rust_line,,
39,xy_from_renotation_ovoid,RETURN xy coordinates calculated,,,,no_corresponding_rust_line,,
40,hue_angle_to_hue,ENTER angle to hue conversion,314,hue_angle_to_hue,ENTER ,variable_mismatch,hue_angle: Float diff: 4.53e+00,
41,hue_angle_to_hue,RETURN hue calculated,323,hue_angle_to_hue,RETURN ,variable_mismatch,result: Variable not found in Rust trace,
42,xy_from_renotation_ovoid,ENTER xy coordinate calculation,,,,no_corresponding_rust_line,,
43,bounding_hues_from_renotation,ENTER bounding hues calculation,,,,no_corresponding_rust_line,,
44,bounding_hues_from_renotation,RETURN bounding hues found,,,,no_corresponding_rust_line,,
45,hue_to_hue_angle,ENTER hue to angle conversion,332,hue_to_hue_angle,ENTER ,variable_mismatch,hue: Type mismatch: list vs float,
46,hue_to_hue_angle,RETURN angle calculated,343,hue_to_hue_angle,RETURN interpolated angle,variable_mismatch,result: Float diff: 6.04e-01,
47,hue_to_hue_angle,ENTER hue to angle conversion,377,hue_to_hue_angle,ENTER ,variable_mismatch,hue: Type mismatch: list vs float,
48,hue_to_hue_angle,RETURN angle calculated,388,hue_to_hue_angle,RETURN interpolated angle,variable_mismatch,result: Float diff: 4.93e+00,
49,hue_to_hue_angle,ENTER hue to angle conversion,422,hue_to_hue_angle,ENTER ,variable_mismatch,hue: Type mismatch: list vs float,
50,hue_to_hue_angle,RETURN angle calculated,433,hue_to_hue_angle,RETURN interpolated angle,variable_mismatch,result: Float diff: 5.65e+00,
51,interpolation_method_from_renotation_ovoid,ENTER interpolation method determination,,,,no_corresponding_rust_line,,
52,interpolation_method_from_renotation_ovoid,RETURN interpolation method determined,,,,no_corresponding_rust_line,,
53,xy_from_renotation_ovoid,RETURN xy coordinates calculated,,,,no_corresponding_rust_line,,
54,maximum_chroma_from_renotation,ENTER maximum chroma lookup,435,maximum_chroma_from_renotation,ENTER ,variable_mismatch,hue: Type mismatch: list vs float; value: Type mismatch: NoneType vs float,
55,bounding_hues_from_renotation,ENTER bounding hues calculation,,,,no_corresponding_rust_line,,
56,bounding_hues_from_renotation,RETURN bounding hues found,,,,no_corresponding_rust_line,,
57,maximum_chroma_from_renotation,RETURN maximum chroma found,437,maximum_chroma_from_renotation,RETURN ,variable_mismatch,result: Float diff: 9.81e-04,
58,xy_from_renotation_ovoid,ENTER xy coordinate calculation,,,,no_corresponding_rust_line,,
59,bounding_hues_from_renotation,ENTER bounding hues calculation,,,,no_corresponding_rust_line,,
60,bounding_hues_from_renotation,RETURN bounding hues found,,,,no_corresponding_rust_line,,
61,hue_to_hue_angle,ENTER hue to angle conversion,467,hue_to_hue_angle,ENTER ,variable_mismatch,hue: Type mismatch: list vs float,
62,hue_to_hue_angle,RETURN angle calculated,478,hue_to_hue_angle,RETURN interpolated angle,variable_mismatch,result: Float diff: 6.04e-01,
63,hue_to_hue_angle,ENTER hue to angle conversion,512,hue_to_hue_angle,ENTER ,variable_mismatch,hue: Type mismatch: list vs float,
64,hue_to_hue_angle,RETURN angle calculated,523,hue_to_hue_angle,RETURN interpolated angle,variable_mismatch,result: Float diff: 4.93e+00,
65,hue_to_hue_angle,ENTER hue to angle conversion,557,hue_to_hue_angle,ENTER ,variable_mismatch,hue: Type mismatch: list vs float,
66,hue_to_hue_angle,RETURN angle calculated,568,hue_to_hue_angle,RETURN interpolated angle,variable_mismatch,result: Float diff: 5.65e+00,
67,interpolation_method_from_renotation_ovoid,ENTER interpolation method determination,,,,no_corresponding_rust_line,,
68,interpolation_method_from_renotation_ovoid,RETURN interpolation method determined,,,,no_corresponding_rust_line,,
69,xy_from_renotation_ovoid,RETURN xy coordinates calculated,,,,no_corresponding_rust_line,,
70,xy_from_renotation_ovoid,ENTER xy coordinate calculation,,,,no_corresponding_rust_line,,
71,bounding_hues_from_renotation,ENTER bounding hues calculation,,,,no_corresponding_rust_line,,
72,bounding_hues_from_renotation,RETURN bounding hues found,,,,no_corresponding_rust_line,,
73,hue_to_hue_angle,ENTER hue to angle conversion,602,hue_to_hue_angle,ENTER ,variable_mismatch,hue: Type mismatch: list vs float,
74,hue_to_hue_angle,RETURN angle calculated,613,hue_to_hue_angle,RETURN interpolated angle,variable_mismatch,result: Float diff: 6.04e-01,
75,hue_to_hue_angle,ENTER hue to angle conversion,647,hue_to_hue_angle,ENTER ,variable_mismatch,hue: Type mismatch: list vs float,
76,hue_to_hue_angle,RETURN angle calculated,658,hue_to_hue_angle,RETURN interpolated angle,variable_mismatch,result: Float diff: 4.93e+00,
77,hue_to_hue_angle,ENTER hue to angle conversion,692,hue_to_hue_angle,ENTER ,variable_mismatch,hue: Type mismatch: list vs float,
78,hue_to_hue_angle,RETURN angle calculated,703,hue_to_hue_angle,RETURN interpolated angle,variable_mismatch,result: Float diff: 5.65e+00,
79,interpolation_method_from_renotation_ovoid,ENTER interpolation method determination,,,,no_corresponding_rust_line,,
80,interpolation_method_from_renotation_ovoid,RETURN interpolation method determined,,,,no_corresponding_rust_line,,
81,xy_from_renotation_ovoid,RETURN xy coordinates calculated,,,,no_corresponding_rust_line,,
82,xy_from_renotation_ovoid,ENTER xy coordinate calculation,,,,no_corresponding_rust_line,,
83,bounding_hues_from_renotation,ENTER bounding hues calculation,,,,no_corresponding_rust_line,,
84,bounding_hues_from_renotation,RETURN bounding hues found,,,,no_corresponding_rust_line,,
85,hue_to_hue_angle,ENTER hue to angle conversion,737,hue_to_hue_angle,ENTER ,variable_mismatch,hue: Type mismatch: list vs float,
86,hue_to_hue_angle,RETURN angle calculated,748,hue_to_hue_angle,RETURN interpolated angle,variable_mismatch,result: Float diff: 6.04e-01,
87,hue_to_hue_angle,ENTER hue to angle conversion,782,hue_to_hue_angle,ENTER ,variable_mismatch,hue: Type mismatch: list vs float,
88,hue_to_hue_angle,RETURN angle calculated,793,hue_to_hue_angle,RETURN interpolated angle,variable_mismatch,result: Float diff: 4.93e+00,
89,hue_to_hue_angle,ENTER hue to angle conversion,827,hue_to_hue_angle,ENTER ,variable_mismatch,hue: Type mismatch: list vs float,
90,hue_to_hue_angle,RETURN angle calculated,838,hue_to_hue_angle,RETURN interpolated angle,variable_mismatch,result: Float diff: 5.65e+00,
91,interpolation_method_from_renotation_ovoid,ENTER interpolation method determination,,,,no_corresponding_rust_line,,
92,interpolation_method_from_renotation_ovoid,RETURN interpolation method determined,,,,no_corresponding_rust_line,,
93,xy_from_renotation_ovoid,RETURN xy coordinates calculated,,,,no_corresponding_rust_line,,
94,xy_from_renotation_ovoid,ENTER xy coordinate calculation,,,,no_corresponding_rust_line,,
95,bounding_hues_from_renotation,ENTER bounding hues calculation,,,,no_corresponding_rust_line,,
96,bounding_hues_from_renotation,RETURN bounding hues found,,,,no_corresponding_rust_line,,
97,hue_to_hue_angle,ENTER hue to angle conversion,872,hue_to_hue_angle,ENTER ,variable_mismatch,hue: Type mismatch: list vs float,
98,hue_to_hue_angle,RETURN angle calculated,883,hue_to_hue_angle,RETURN interpolated angle,variable_mismatch,result: Float diff: 6.04e-01,
99,hue_to_hue_angle,ENTER hue to angle conversion,917,hue_to_hue_angle,ENTER ,variable_mismatch,hue: Type mismatch: list vs float,
100,hue_to_hue_angle,RETURN angle calculated,928,hue_to_hue_angle,RETURN interpolated angle,variable_mismatch,result: Float diff: 4.93e+00,
101,hue_to_hue_angle,ENTER hue to angle conversion,962,hue_to_hue_angle,ENTER ,variable_mismatch,hue: Type mismatch: list vs float,
102,hue_to_hue_angle,RETURN angle calculated,973,hue_to_hue_angle,RETURN interpolated angle,variable_mismatch,result: Float diff: 5.65e+00,
103,interpolation_method_from_renotation_ovoid,ENTER interpolation method determination,,,,no_corresponding_rust_line,,
104,interpolation_method_from_renotation_ovoid,RETURN interpolation method determined,,,,no_corresponding_rust_line,,
105,xy_from_renotation_ovoid,RETURN xy coordinates calculated,,,,no_corresponding_rust_line,,
106,xy_from_renotation_ovoid,ENTER xy coordinate calculation,,,,no_corresponding_rust_line,,
107,bounding_hues_from_renotation,ENTER bounding hues calculation,,,,no_corresponding_rust_line,,
108,bounding_hues_from_renotation,RETURN bounding hues found,,,,no_corresponding_rust_line,,
109,hue_to_hue_angle,ENTER hue to angle conversion,1007,hue_to_hue_angle,ENTER ,variable_mismatch,hue: Type mismatch: list vs float,
110,hue_to_hue_angle,RETURN angle calculated,1018,hue_to_hue_angle,RETURN interpolated angle,variable_mismatch,result: Float diff: 6.04e-01,
111,hue_to_hue_angle,ENTER hue to angle conversion,1052,hue_to_hue_angle,ENTER ,variable_mismatch,hue: Type mismatch: list vs float,
112,hue_to_hue_angle,RETURN angle calculated,1063,hue_to_hue_angle,RETURN interpolated angle,variable_mismatch,result: Float diff: 4.93e+00,
113,hue_to_hue_angle,ENTER hue to angle conversion,1097,hue_to_hue_angle,ENTER ,variable_mismatch,hue: Type mismatch: list vs float,
114,hue_to_hue_angle,RETURN angle calculated,1108,hue_to_hue_angle,RETURN interpolated angle,variable_mismatch,result: Float diff: 5.65e+00,
115,interpolation_method_from_renotation_ovoid,ENTER interpolation method determination,,,,no_corresponding_rust_line,,
116,interpolation_method_from_renotation_ovoid,RETURN interpolation method determined,,,,no_corresponding_rust_line,,
117,xy_from_renotation_ovoid,RETURN xy coordinates calculated,,,,no_corresponding_rust_line,,
118,xy_from_renotation_ovoid,ENTER xy coordinate calculation,,,,no_corresponding_rust_line,,
119,bounding_hues_from_renotation,ENTER bounding hues calculation,,,,no_corresponding_rust_line,,
120,bounding_hues_from_renotation,RETURN bounding hues found,,,,no_corresponding_rust_line,,
121,hue_to_hue_angle,ENTER hue to angle conversion,1142,hue_to_hue_angle,ENTER ,variable_mismatch,hue: Type mismatch: list vs float,
122,hue_to_hue_angle,RETURN angle calculated,1153,hue_to_hue_angle,RETURN interpolated angle,variable_mismatch,result: Float diff: 6.04e-01,
123,hue_to_hue_angle,ENTER hue to angle conversion,1187,hue_to_hue_angle,ENTER ,variable_mismatch,hue: Type mismatch: list vs float,
124,hue_to_hue_angle,RETURN angle calculated,1198,hue_to_hue_angle,RETURN interpolated angle,variable_mismatch,result: Float diff: 4.93e+00,
125,hue_to_hue_angle,ENTER hue to angle conversion,1232,hue_to_hue_angle,ENTER ,variable_mismatch,hue: Type mismatch: list vs float,
126,hue_to_hue_angle,RETURN angle calculated,1243,hue_to_hue_angle,RETURN interpolated angle,variable_mismatch,result: Float diff: 5.65e+00,
127,interpolation_method_from_renotation_ovoid,ENTER interpolation method determination,,,,no_corresponding_rust_line,,
128,interpolation_method_from_renotation_ovoid,RETURN interpolation method determined,,,,no_corresponding_rust_line,,
129,xy_from_renotation_ovoid,RETURN xy coordinates calculated,,,,no_corresponding_rust_line,,
130,xy_from_renotation_ovoid,ENTER xy coordinate calculation,,,,no_corresponding_rust_line,,
131,bounding_hues_from_renotation,ENTER bounding hues calculation,,,,no_corresponding_rust_line,,
132,bounding_hues_from_renotation,RETURN bounding hues found,,,,no_corresponding_rust_line,,
133,hue_to_hue_angle,ENTER hue to angle conversion,1277,hue_to_hue_angle,ENTER ,variable_mismatch,hue: Type mismatch: list vs float,
134,hue_to_hue_angle,RETURN angle calculated,1288,hue_to_hue_angle,RETURN interpolated angle,variable_mismatch,result: Float diff: 6.04e-01,
135,hue_to_hue_angle,ENTER hue to angle conversion,1322,hue_to_hue_angle,ENTER ,variable_mismatch,hue: Type mismatch: list vs float,
136,hue_to_hue_angle,RETURN angle calculated,1333,hue_to_hue_angle,RETURN interpolated angle,variable_mismatch,result: Float diff: 4.93e+00,
137,hue_to_hue_angle,ENTER hue to angle conversion,1367,hue_to_hue_angle,ENTER ,variable_mismatch,hue: Type mismatch: list vs float,
138,hue_to_hue_angle,RETURN angle calculated,1378,hue_to_hue_angle,RETURN interpolated angle,variable_mismatch,result: Float diff: 5.65e+00,
139,interpolation_method_from_renotation_ovoid,ENTER interpolation method determination,,,,no_corresponding_rust_line,,
140,interpolation_method_from_renotation_ovoid,RETURN interpolation method determined,,,,no_corresponding_rust_line,,
141,xy_from_renotation_ovoid,RETURN xy coordinates calculated,,,,no_corresponding_rust_line,,
142,hue_to_hue_angle,ENTER hue to angle conversion,1412,hue_to_hue_angle,ENTER ,variable_mismatch,hue: Type mismatch: list vs float,
143,hue_to_hue_angle,RETURN angle calculated,1423,hue_to_hue_angle,RETURN interpolated angle,variable_mismatch,result: Float diff: 4.93e+00,
144,maximum_chroma_from_renotation,ENTER maximum chroma lookup,1425,maximum_chroma_from_renotation,ENTER ,variable_mismatch,hue: Type mismatch: list vs float; value: Type mismatch: NoneType vs float,
145,bounding_hues_from_renotation,ENTER bounding hues calculation,,,,no_corresponding_rust_line,,
146,bounding_hues_from_renotation,RETURN bounding hues found,,,,no_corresponding_rust_line,,
147,maximum_chroma_from_renotation,RETURN maximum chroma found,1427,maximum_chroma_from_renotation,RETURN ,variable_mismatch,result: Float diff: 9.81e-04,
148,xy_from_renotation_ovoid,ENTER xy coordinate calculation,,,,no_corresponding_rust_line,,
149,bounding_hues_from_renotation,ENTER bounding hues calculation,,,,no_corresponding_rust_line,,
150,bounding_hues_from_renotation,RETURN bounding hues found,,,,no_corresponding_rust_line,,
151,hue_to_hue_angle,ENTER hue to angle conversion,1457,hue_to_hue_angle,ENTER ,variable_mismatch,hue: Type mismatch: list vs float,
152,hue_to_hue_angle,RETURN angle calculated,1468,hue_to_hue_angle,RETURN interpolated angle,variable_mismatch,result: Float diff: 6.04e-01,
153,hue_to_hue_angle,ENTER hue to angle conversion,1502,hue_to_hue_angle,ENTER ,variable_mismatch,hue: Type mismatch: list vs float,
154,hue_to_hue_angle,RETURN angle calculated,1513,hue_to_hue_angle,RETURN interpolated angle,variable_mismatch,result: Float diff: 4.93e+00,
155,hue_to_hue_angle,ENTER hue to angle conversion,1547,hue_to_hue_angle,ENTER ,variable_mismatch,hue: Type mismatch: list vs float,
156,hue_to_hue_angle,RETURN angle calculated,1558,hue_to_hue_angle,RETURN interpolated angle,variable_mismatch,result: Float diff: 5.65e+00,
157,interpolation_method_from_renotation_ovoid,ENTER interpolation method determination,,,,no_corresponding_rust_line,,
158,interpolation_method_from_renotation_ovoid,RETURN interpolation method determined,,,,no_corresponding_rust_line,,
159,xy_from_renotation_ovoid,RETURN xy coordinates calculated,,,,no_corresponding_rust_line,,
160,xy_from_renotation_ovoid,ENTER xy coordinate calculation,,,,no_corresponding_rust_line,,
161,bounding_hues_from_renotation,ENTER bounding hues calculation,,,,no_corresponding_rust_line,,
162,bounding_hues_from_renotation,RETURN bounding hues found,,,,no_corresponding_rust_line,,
163,hue_to_hue_angle,ENTER hue to angle conversion,1592,hue_to_hue_angle,ENTER ,variable_mismatch,hue: Type mismatch: list vs float,
164,hue_to_hue_angle,RETURN angle calculated,1603,hue_to_hue_angle,RETURN interpolated angle,variable_mismatch,result: Float diff: 6.04e-01,
165,hue_to_hue_angle,ENTER hue to angle conversion,1637,hue_to_hue_angle,ENTER ,variable_mismatch,hue: Type mismatch: list vs float,
166,hue_to_hue_angle,RETURN angle calculated,1648,hue_to_hue_angle,RETURN interpolated angle,variable_mismatch,result: Float diff: 4.93e+00,
167,hue_to_hue_angle,ENTER hue to angle conversion,1682,hue_to_hue_angle,ENTER ,variable_mismatch,hue: Type mismatch: list vs float,
168,hue_to_hue_angle,RETURN angle calculated,1693,hue_to_hue_angle,RETURN interpolated angle,variable_mismatch,result: Float diff: 5.65e+00,
169,interpolation_method_from_renotation_ovoid,ENTER interpolation method determination,,,,no_corresponding_rust_line,,
170,interpolation_method_from_renotation_ovoid,RETURN interpolation method determined,,,,no_corresponding_rust_line,,
171,xy_from_renotation_ovoid,RETURN xy coordinates calculated,,,,no_corresponding_rust_line,,
172,hue_angle_to_hue,ENTER angle to hue conversion,1709,hue_angle_to_hue,ENTER ,variable_mismatch,hue_angle: Float diff: 5.00e+00,
173,hue_angle_to_hue,RETURN hue calculated,1718,hue_angle_to_hue,RETURN ,variable_mismatch,result: Variable not found in Rust trace,
174,xy_from_renotation_ovoid,ENTER xy coordinate calculation,,,,no_corresponding_rust_line,,
175,bounding_hues_from_renotation,ENTER bounding hues calculation,,,,no_corresponding_rust_line,,
176,bounding_hues_from_renotation,RETURN bounding hues found,,,,no_corresponding_rust_line,,
177,hue_to_hue_angle,ENTER hue to angle conversion,1727,hue_to_hue_angle,ENTER ,variable_mismatch,hue: Type mismatch: list vs float,
178,hue_to_hue_angle,RETURN angle calculated,1738,hue_to_hue_angle,RETURN interpolated angle,variable_mismatch,result: Float diff: 6.04e-01,
179,hue_to_hue_angle,ENTER hue to angle conversion,1772,hue_to_hue_angle,ENTER ,variable_mismatch,hue: Type mismatch: list vs float,
180,hue_to_hue_angle,RETURN angle calculated,1783,hue_to_hue_angle,RETURN interpolated angle,variable_mismatch,result: Float diff: 4.46e+00,
181,hue_to_hue_angle,ENTER hue to angle conversion,1817,hue_to_hue_angle,ENTER ,variable_mismatch,hue: Type mismatch: list vs float,
182,hue_to_hue_angle,RETURN angle calculated,1828,hue_to_hue_angle,RETURN interpolated angle,variable_mismatch,result: Float diff: 5.65e+00,
183,interpolation_method_from_renotation_ovoid,ENTER interpolation method determination,,,,no_corresponding_rust_line,,
184,interpolation_method_from_renotation_ovoid,RETURN interpolation method determined,,,,no_corresponding_rust_line,,
185,xy_from_renotation_ovoid,RETURN xy coordinates calculated,,,,no_corresponding_rust_line,,
186,xy_from_renotation_ovoid,ENTER xy coordinate calculation,,,,no_corresponding_rust_line,,
187,bounding_hues_from_renotation,ENTER bounding hues calculation,,,,no_corresponding_rust_line,,
188,bounding_hues_from_renotation,RETURN bounding hues found,,,,no_corresponding_rust_line,,
189,hue_to_hue_angle,ENTER hue to angle conversion,1862,hue_to_hue_angle,ENTER ,variable_mismatch,hue: Type mismatch: list vs float,
190,hue_to_hue_angle,RETURN angle calculated,1873,hue_to_hue_angle,RETURN interpolated angle,variable_mismatch,result: Float diff: 6.04e-01,
191,hue_to_hue_angle,ENTER hue to angle conversion,1907,hue_to_hue_angle,ENTER ,variable_mismatch,hue: Type mismatch: list vs float,
192,hue_to_hue_angle,RETURN angle calculated,1918,hue_to_hue_angle,RETURN interpolated angle,variable_mismatch,result: Float diff: 4.46e+00,
193,hue_to_hue_angle,ENTER hue to angle conversion,1952,hue_to_hue_angle,ENTER ,variable_mismatch,hue: Type mismatch: list vs float,
194,hue_to_hue_angle,RETURN angle calculated,1963,hue_to_hue_angle,RETURN interpolated angle,variable_mismatch,result: Float diff: 5.65e+00,
195,interpolation_method_from_renotation_ovoid,ENTER interpolation method determination,,,,no_corresponding_rust_line,,
196,interpolation_method_from_renotation_ovoid,RETURN interpolation method determined,,,,no_corresponding_rust_line,,
197,xy_from_renotation_ovoid,RETURN xy coordinates calculated,,,,no_corresponding_rust_line,,
198,hue_angle_to_hue,ENTER angle to hue conversion,1979,hue_angle_to_hue,ENTER ,variable_mismatch,hue_angle: Float diff: 4.77e+00,
199,hue_angle_to_hue,RETURN hue calculated,1988,hue_angle_to_hue,RETURN ,variable_mismatch,result: Variable not found in Rust trace,
200,xy_from_renotation_ovoid,ENTER xy coordinate calculation,,,,no_corresponding_rust_line,,
201,bounding_hues_from_renotation,ENTER bounding hues calculation,,,,no_corresponding_rust_line,,
202,bounding_hues_from_renotation,RETURN bounding hues found,,,,no_corresponding_rust_line,,
203,hue_to_hue_angle,ENTER hue to angle conversion,1997,hue_to_hue_angle,ENTER ,variable_mismatch,hue: Type mismatch: list vs float,
204,hue_to_hue_angle,RETURN angle calculated,2008,hue_to_hue_angle,RETURN interpolated angle,variable_mismatch,result: Float diff: 6.04e-01,
205,hue_to_hue_angle,ENTER hue to angle conversion,2042,hue_to_hue_angle,ENTER ,variable_mismatch,hue: Type mismatch: list vs float,
206,hue_to_hue_angle,RETURN angle calculated,2053,hue_to_hue_angle,RETURN interpolated angle,variable_mismatch,result: Float diff: 4.69e+00,
207,hue_to_hue_angle,ENTER hue to angle conversion,2087,hue_to_hue_angle,ENTER ,variable_mismatch,hue: Type mismatch: list vs float,
208,hue_to_hue_angle,RETURN angle calculated,2098,hue_to_hue_angle,RETURN interpolated angle,variable_mismatch,result: Float diff: 5.65e+00,
209,interpolation_method_from_renotation_ovoid,ENTER interpolation method determination,,,,no_corresponding_rust_line,,
210,interpolation_method_from_renotation_ovoid,RETURN interpolation method determined,,,,no_corresponding_rust_line,,
211,xy_from_renotation_ovoid,RETURN xy coordinates calculated,,,,no_corresponding_rust_line,,
212,xy_from_renotation_ovoid,ENTER xy coordinate calculation,,,,no_corresponding_rust_line,,
213,bounding_hues_from_renotation,ENTER bounding hues calculation,,,,no_corresponding_rust_line,,
214,bounding_hues_from_renotation,RETURN bounding hues found,,,,no_corresponding_rust_line,,
215,hue_to_hue_angle,ENTER hue to angle conversion,2132,hue_to_hue_angle,ENTER ,variable_mismatch,hue: Type mismatch: list vs float,
216,hue_to_hue_angle,RETURN angle calculated,2143,hue_to_hue_angle,RETURN interpolated angle,variable_mismatch,result: Float diff: 6.04e-01,
217,hue_to_hue_angle,ENTER hue to angle conversion,2177,hue_to_hue_angle,ENTER ,variable_mismatch,hue: Type mismatch: list vs float,
218,hue_to_hue_angle,RETURN angle calculated,2188,hue_to_hue_angle,RETURN interpolated angle,variable_mismatch,result: Float diff: 4.69e+00,
219,hue_to_hue_angle,ENTER hue to angle conversion,2222,hue_to_hue_angle,ENTER ,variable_mismatch,hue: Type mismatch: list vs float,
220,hue_to_hue_angle,RETURN angle calculated,2233,hue_to_hue_angle,RETURN interpolated angle,variable_mismatch,result: Float diff: 5.65e+00,
221,interpolation_method_from_renotation_ovoid,ENTER interpolation method determination,,,,no_corresponding_rust_line,,
222,interpolation_method_from_renotation_ovoid,RETURN interpolation method determined,,,,no_corresponding_rust_line,,
223,xy_from_renotation_ovoid,RETURN xy coordinates calculated,,,,no_corresponding_rust_line,,
224,maximum_chroma_from_renotation,ENTER maximum chroma lookup,2235,maximum_chroma_from_renotation,ENTER ,variable_mismatch,hue: Type mismatch: list vs float; value: Type mismatch: NoneType vs float,
225,bounding_hues_from_renotation,ENTER bounding hues calculation,,,,no_corresponding_rust_line,,
226,bounding_hues_from_renotation,RETURN bounding hues found,,,,no_corresponding_rust_line,,
227,maximum_chroma_from_renotation,RETURN maximum chroma found,2237,maximum_chroma_from_renotation,RETURN ,variable_mismatch,result: Float diff: 9.81e-04,
228,xy_from_renotation_ovoid,ENTER xy coordinate calculation,,,,no_corresponding_rust_line,,
229,bounding_hues_from_renotation,ENTER bounding hues calculation,,,,no_corresponding_rust_line,,
230,bounding_hues_from_renotation,RETURN bounding hues found,,,,no_corresponding_rust_line,,
231,hue_to_hue_angle,ENTER hue to angle conversion,2267,hue_to_hue_angle,ENTER ,variable_mismatch,hue: Type mismatch: list vs float,
232,hue_to_hue_angle,RETURN angle calculated,2278,hue_to_hue_angle,RETURN interpolated angle,variable_mismatch,result: Float diff: 6.04e-01,
233,hue_to_hue_angle,ENTER hue to angle conversion,2312,hue_to_hue_angle,ENTER ,variable_mismatch,hue: Type mismatch: list vs float,
234,hue_to_hue_angle,RETURN angle calculated,2323,hue_to_hue_angle,RETURN interpolated angle,variable_mismatch,result: Float diff: 4.69e+00,
235,hue_to_hue_angle,ENTER hue to angle conversion,2357,hue_to_hue_angle,ENTER ,variable_mismatch,hue: Type mismatch: list vs float,
236,hue_to_hue_angle,RETURN angle calculated,2368,hue_to_hue_angle,RETURN interpolated angle,variable_mismatch,result: Float diff: 5.65e+00,
237,interpolation_method_from_renotation_ovoid,ENTER interpolation method determination,,,,no_corresponding_rust_line,,
238,interpolation_method_from_renotation_ovoid,RETURN interpolation method determined,,,,no_corresponding_rust_line,,
239,xy_from_renotation_ovoid,RETURN xy coordinates calculated,,,,no_corresponding_rust_line,,
240,xy_from_renotation_ovoid,ENTER xy coordinate calculation,,,,no_corresponding_rust_line,,
241,bounding_hues_from_renotation,ENTER bounding hues calculation,,,,no_corresponding_rust_line,,
242,bounding_hues_from_renotation,RETURN bounding hues found,,,,no_corresponding_rust_line,,
243,hue_to_hue_angle,ENTER hue to angle conversion,2402,hue_to_hue_angle,ENTER ,variable_mismatch,hue: Type mismatch: list vs float,
244,hue_to_hue_angle,RETURN angle calculated,2413,hue_to_hue_angle,RETURN interpolated angle,variable_mismatch,result: Float diff: 6.04e-01,
245,hue_to_hue_angle,ENTER hue to angle conversion,2447,hue_to_hue_angle,ENTER ,variable_mismatch,hue: Type mismatch: list vs float,
246,hue_to_hue_angle,RETURN angle calculated,2458,hue_to_hue_angle,RETURN interpolated angle,variable_mismatch,result: Float diff: 4.69e+00,
247,hue_to_hue_angle,ENTER hue to angle conversion,2492,hue_to_hue_angle,ENTER ,variable_mismatch,hue: Type mismatch: list vs float,
248,hue_to_hue_angle,RETURN angle calculated,2503,hue_to_hue_angle,RETURN interpolated angle,variable_mismatch,result: Float diff: 5.65e+00,
249,interpolation_method_from_renotation_ovoid,ENTER interpolation method determination,,,,no_corresponding_rust_line,,
250,interpolation_method_from_renotation_ovoid,RETURN interpolation method determined,,,,no_corresponding_rust_line,,
251,xy_from_renotation_ovoid,RETURN xy coordinates calculated,,,,no_corresponding_rust_line,,
252,xy_from_renotation_ovoid,ENTER xy coordinate calculation,,,,no_corresponding_rust_line,,
253,bounding_hues_from_renotation,ENTER bounding hues calculation,,,,no_corresponding_rust_line,,
254,bounding_hues_from_renotation,RETURN bounding hues found,,,,no_corresponding_rust_line,,
255,hue_to_hue_angle,ENTER hue to angle conversion,2537,hue_to_hue_angle,ENTER ,variable_mismatch,hue: Type mismatch: list vs float,
256,hue_to_hue_angle,RETURN angle calculated,2548,hue_to_hue_angle,RETURN interpolated angle,variable_mismatch,result: Float diff: 6.04e-01,
257,hue_to_hue_angle,ENTER hue to angle conversion,2582,hue_to_hue_angle,ENTER ,variable_mismatch,hue: Type mismatch: list vs float,
258,hue_to_hue_angle,RETURN angle calculated,2593,hue_to_hue_angle,RETURN interpolated angle,variable_mismatch,result: Float diff: 4.69e+00,
259,hue_to_hue_angle,ENTER hue to angle conversion,2627,hue_to_hue_angle,ENTER ,variable_mismatch,hue: Type mismatch: list vs float,
260,hue_to_hue_angle,RETURN angle calculated,2638,hue_to_hue_angle,RETURN interpolated angle,variable_mismatch,result: Float diff: 5.65e+00,
261,interpolation_method_from_renotation_ovoid,ENTER interpolation method determination,,,,no_corresponding_rust_line,,
262,interpolation_method_from_renotation_ovoid,RETURN interpolation method determined,,,,no_corresponding_rust_line,,
263,xy_from_renotation_ovoid,RETURN xy coordinates calculated,,,,no_corresponding_rust_line,,
264,xy_from_renotation_ovoid,ENTER xy coordinate calculation,,,,no_corresponding_rust_line,,
265,bounding_hues_from_renotation,ENTER bounding hues calculation,,,,no_corresponding_rust_line,,
266,bounding_hues_from_renotation,RETURN bounding hues found,,,,no_corresponding_rust_line,,
267,hue_to_hue_angle,ENTER hue to angle conversion,2672,hue_to_hue_angle,ENTER ,variable_mismatch,hue: Type mismatch: list vs float,
268,hue_to_hue_angle,RETURN angle calculated,2683,hue_to_hue_angle,RETURN interpolated angle,variable_mismatch,result: Float diff: 6.04e-01,
269,hue_to_hue_angle,ENTER hue to angle conversion,2717,hue_to_hue_angle,ENTER ,variable_mismatch,hue: Type mismatch: list vs float,
270,hue_to_hue_angle,RETURN angle calculated,2728,hue_to_hue_angle,RETURN interpolated angle,variable_mismatch,result: Float diff: 4.69e+00,
271,hue_to_hue_angle,ENTER hue to angle conversion,2762,hue_to_hue_angle,ENTER ,variable_mismatch,hue: Type mismatch: list vs float,
272,hue_to_hue_angle,RETURN angle calculated,2773,hue_to_hue_angle,RETURN interpolated angle,variable_mismatch,result: Float diff: 5.65e+00,
273,interpolation_method_from_renotation_ovoid,ENTER interpolation method determination,,,,no_corresponding_rust_line,,
274,interpolation_method_from_renotation_ovoid,RETURN interpolation method determined,,,,no_corresponding_rust_line,,
275,xy_from_renotation_ovoid,RETURN xy coordinates calculated,,,,no_corresponding_rust_line,,
276,xy_from_renotation_ovoid,ENTER xy coordinate calculation,,,,no_corresponding_rust_line,,
277,bounding_hues_from_renotation,ENTER bounding hues calculation,,,,no_corresponding_rust_line,,
278,bounding_hues_from_renotation,RETURN bounding hues found,,,,no_corresponding_rust_line,,
279,hue_to_hue_angle,ENTER hue to angle conversion,2807,hue_to_hue_angle,ENTER ,variable_mismatch,hue: Type mismatch: list vs float,
280,hue_to_hue_angle,RETURN angle calculated,2818,hue_to_hue_angle,RETURN interpolated angle,variable_mismatch,result: Float diff: 6.04e-01,
281,hue_to_hue_angle,ENTER hue to angle conversion,2852,hue_to_hue_angle,ENTER ,variable_mismatch,hue: Type mismatch: list vs float,
282,hue_to_hue_angle,RETURN angle calculated,2863,hue_to_hue_angle,RETURN interpolated angle,variable_mismatch,result: Float diff: 4.69e+00,
283,hue_to_hue_angle,ENTER hue to angle conversion,2897,hue_to_hue_angle,ENTER ,variable_mismatch,hue: Type mismatch: list vs float,
284,hue_to_hue_angle,RETURN angle calculated,2908,hue_to_hue_angle,RETURN interpolated angle,variable_mismatch,result: Float diff: 5.65e+00,
285,interpolation_method_from_renotation_ovoid,ENTER interpolation method determination,,,,no_corresponding_rust_line,,
286,interpolation_method_from_renotation_ovoid,RETURN interpolation method determined,,,,no_corresponding_rust_line,,
287,xy_from_renotation_ovoid,RETURN xy coordinates calculated,,,,no_corresponding_rust_line,,
288,xy_from_renotation_ovoid,ENTER xy coordinate calculation,,,,no_corresponding_rust_line,,
289,bounding_hues_from_renotation,ENTER bounding hues calculation,,,,no_corresponding_rust_line,,
290,bounding_hues_from_renotation,RETURN bounding hues found,,,,no_corresponding_rust_line,,
291,hue_to_hue_angle,ENTER hue to angle conversion,,,,no_corresponding_rust_line,,
292,hue_to_hue_angle,RETURN angle calculated,2908,hue_to_hue_angle,RETURN interpolated angle,variable_mismatch,result: Float diff: 6.04e-01,
293,hue_to_hue_angle,ENTER hue to angle conversion,,,,no_corresponding_rust_line,,
294,hue_to_hue_angle,RETURN angle calculated,2908,hue_to_hue_angle,RETURN interpolated angle,variable_mismatch,result: Float diff: 4.69e+00,
295,hue_to_hue_angle,ENTER hue to angle conversion,,,,no_corresponding_rust_line,,
296,hue_to_hue_angle,RETURN angle calculated,2908,hue_to_hue_angle,RETURN interpolated angle,variable_mismatch,result: Float diff: 5.65e+00,
297,interpolation_method_from_renotation_ovoid,ENTER interpolation method determination,,,,no_corresponding_rust_line,,
298,interpolation_method_from_renotation_ovoid,RETURN interpolation method determined,,,,no_corresponding_rust_line,,
299,xy_from_renotation_ovoid,RETURN xy coordinates calculated,,,,no_corresponding_rust_line,,
300,xy_from_renotation_ovoid,ENTER xy coordinate calculation,,,,no_corresponding_rust_line,,
301,bounding_hues_from_renotation,ENTER bounding hues calculation,,,,no_corresponding_rust_line,,
302,bounding_hues_from_renotation,RETURN bounding hues found,,,,no_corresponding_rust_line,,
303,hue_to_hue_angle,ENTER hue to angle conversion,,,,no_corresponding_rust_line,,
304,hue_to_hue_angle,RETURN angle calculated,2908,hue_to_hue_angle,RETURN interpolated angle,variable_mismatch,result: Float diff: 6.04e-01,
305,hue_to_hue_angle,ENTER hue to angle conversion,,,,no_corresponding_rust_line,,
306,hue_to_hue_angle,RETURN angle calculated,2908,hue_to_hue_angle,RETURN interpolated angle,variable_mismatch,result: Float diff: 4.69e+00,
307,hue_to_hue_angle,ENTER hue to angle conversion,,,,no_corresponding_rust_line,,
308,hue_to_hue_angle,RETURN angle calculated,2908,hue_to_hue_angle,RETURN interpolated angle,variable_mismatch,result: Float diff: 5.65e+00,
309,interpolation_method_from_renotation_ovoid,ENTER interpolation method determination,,,,no_corresponding_rust_line,,
310,interpolation_method_from_renotation_ovoid,RETURN interpolation method determined,,,,no_corresponding_rust_line,,
311,xy_from_renotation_ovoid,RETURN xy coordinates calculated,,,,no_corresponding_rust_line,,
312,xy_from_renotation_ovoid,ENTER xy coordinate calculation,,,,no_corresponding_rust_line,,
313,bounding_hues_from_renotation,ENTER bounding hues calculation,,,,no_corresponding_rust_line,,
314,bounding_hues_from_renotation,RETURN bounding hues found,,,,no_corresponding_rust_line,,
315,hue_to_hue_angle,ENTER hue to angle conversion,,,,no_corresponding_rust_line,,
316,hue_to_hue_angle,RETURN angle calculated,2908,hue_to_hue_angle,RETURN interpolated angle,variable_mismatch,result: Float diff: 6.04e-01,
317,hue_to_hue_angle,ENTER hue to angle conversion,,,,no_corresponding_rust_line,,
318,hue_to_hue_angle,RETURN angle calculated,2908,hue_to_hue_angle,RETURN interpolated angle,variable_mismatch,result: Float diff: 4.69e+00,
319,hue_to_hue_angle,ENTER hue to angle conversion,,,,no_corresponding_rust_line,,
320,hue_to_hue_angle,RETURN angle calculated,2908,hue_to_hue_angle,RETURN interpolated angle,variable_mismatch,result: Float diff: 5.65e+00,
321,interpolation_method_from_renotation_ovoid,ENTER interpolation method determination,,,,no_corresponding_rust_line,,
322,interpolation_method_from_renotation_ovoid,RETURN interpolation method determined,,,,no_corresponding_rust_line,,
323,xy_from_renotation_ovoid,RETURN xy coordinates calculated,,,,no_corresponding_rust_line,,
324,hue_to_hue_angle,ENTER hue to angle conversion,,,,no_corresponding_rust_line,,
325,hue_to_hue_angle,RETURN angle calculated,2908,hue_to_hue_angle,RETURN interpolated angle,variable_mismatch,result: Float diff: 4.69e+00,
326,maximum_chroma_from_renotation,ENTER maximum chroma lookup,2910,maximum_chroma_from_renotation,ENTER ,variable_mismatch,hue: Type mismatch: list vs float; value: Type mismatch: NoneType vs float,
327,bounding_hues_from_renotation,ENTER bounding hues calculation,,,,no_corresponding_rust_line,,
328,bounding_hues_from_renotation,RETURN bounding hues found,,,,no_corresponding_rust_line,,
329,maximum_chroma_from_renotation,RETURN maximum chroma found,2912,maximum_chroma_from_renotation,RETURN ,variable_mismatch,result: Float diff: 9.81e-04,
330,xy_from_renotation_ovoid,ENTER xy coordinate calculation,,,,no_corresponding_rust_line,,
331,bounding_hues_from_renotation,ENTER bounding hues calculation,,,,no_corresponding_rust_line,,
332,bounding_hues_from_renotation,RETURN bounding hues found,,,,no_corresponding_rust_line,,
333,hue_to_hue_angle,ENTER hue to angle conversion,,,,no_corresponding_rust_line,,
334,hue_to_hue_angle,RETURN angle calculated,,,,no_corresponding_rust_line,,
335,hue_to_hue_angle,ENTER hue to angle conversion,,,,no_corresponding_rust_line,,
336,hue_to_hue_angle,RETURN angle calculated,,,,no_corresponding_rust_line,,
337,hue_to_hue_angle,ENTER hue to angle conversion,,,,no_corresponding_rust_line,,
338,hue_to_hue_angle,RETURN angle calculated,,,,no_corresponding_rust_line,,
339,interpolation_method_from_renotation_ovoid,ENTER interpolation method determination,,,,no_corresponding_rust_line,,
340,interpolation_method_from_renotation_ovoid,RETURN interpolation method determined,,,,no_corresponding_rust_line,,
341,xy_from_renotation_ovoid,RETURN xy coordinates calculated,,,,no_corresponding_rust_line,,
342,xy_from_renotation_ovoid,ENTER xy coordinate calculation,,,,no_corresponding_rust_line,,
343,bounding_hues_from_renotation,ENTER bounding hues calculation,,,,no_corresponding_rust_line,,
344,bounding_hues_from_renotation,RETURN bounding hues found,,,,no_corresponding_rust_line,,
345,hue_to_hue_angle,ENTER hue to angle conversion,,,,no_corresponding_rust_line,,
346,hue_to_hue_angle,RETURN angle calculated,,,,no_corresponding_rust_line,,
347,hue_to_hue_angle,ENTER hue to angle conversion,,,,no_corresponding_rust_line,,
348,hue_to_hue_angle,RETURN angle calculated,,,,no_corresponding_rust_line,,
349,hue_to_hue_angle,ENTER hue to angle conversion,,,,no_corresponding_rust_line,,
350,hue_to_hue_angle,RETURN angle calculated,,,,no_corresponding_rust_line,,
351,interpolation_method_from_renotation_ovoid,ENTER interpolation method determination,,,,no_corresponding_rust_line,,
352,interpolation_method_from_renotation_ovoid,RETURN interpolation method determined,,,,no_corresponding_rust_line,,
353,xy_from_renotation_ovoid,RETURN xy coordinates calculated,,,,no_corresponding_rust_line,,
354,hue_angle_to_hue,ENTER angle to hue conversion,2924,hue_angle_to_hue,ENTER ,variable_mismatch,hue_angle: Float diff: 4.76e+00,
355,hue_angle_to_hue,RETURN hue calculated,2933,hue_angle_to_hue,RETURN ,variable_mismatch,result: Variable not found in Rust trace,
356,xy_from_renotation_ovoid,ENTER xy coordinate calculation,,,,no_corresponding_rust_line,,
357,bounding_hues_from_renotation,ENTER bounding hues calculation,,,,no_corresponding_rust_line,,
358,bounding_hues_from_renotation,RETURN bounding hues found,,,,no_corresponding_rust_line,,
359,hue_to_hue_angle,ENTER hue to angle conversion,,,,no_corresponding_rust_line,,
360,hue_to_hue_angle,RETURN angle calculated,,,,no_corresponding_rust_line,,
361,hue_to_hue_angle,ENTER hue to angle conversion,,,,no_corresponding_rust_line,,
362,hue_to_hue_angle,RETURN angle calculated,,,,no_corresponding_rust_line,,
363,hue_to_hue_angle,ENTER hue to angle conversion,,,,no_corresponding_rust_line,,
364,hue_to_hue_angle,RETURN angle calculated,,,,no_corresponding_rust_line,,
365,interpolation_method_from_renotation_ovoid,ENTER interpolation method determination,,,,no_corresponding_rust_line,,
366,interpolation_method_from_renotation_ovoid,RETURN interpolation method determined,,,,no_corresponding_rust_line,,
367,xy_from_renotation_ovoid,RETURN xy coordinates calculated,,,,no_corresponding_rust_line,,
368,xy_from_renotation_ovoid,ENTER xy coordinate calculation,,,,no_corresponding_rust_line,,
369,bounding_hues_from_renotation,ENTER bounding hues calculation,,,,no_corresponding_rust_line,,
370,bounding_hues_from_renotation,RETURN bounding hues found,,,,no_corresponding_rust_line,,
371,hue_to_hue_angle,ENTER hue to angle conversion,,,,no_corresponding_rust_line,,
372,hue_to_hue_angle,RETURN angle calculated,,,,no_corresponding_rust_line,,
373,hue_to_hue_angle,ENTER hue to angle conversion,,,,no_corresponding_rust_line,,
374,hue_to_hue_angle,RETURN angle calculated,,,,no_corresponding_rust_line,,
375,hue_to_hue_angle,ENTER hue to angle conversion,,,,no_corresponding_rust_line,,
376,hue_to_hue_angle,RETURN angle calculated,,,,no_corresponding_rust_line,,
377,interpolation_method_from_renotation_ovoid,ENTER interpolation method determination,,,,no_corresponding_rust_line,,
378,interpolation_method_from_renotation_ovoid,RETURN interpolation method determined,,,,no_corresponding_rust_line,,
379,xy_from_renotation_ovoid,RETURN xy coordinates calculated,,,,no_corresponding_rust_line,,
380,hue_angle_to_hue,ENTER angle to hue conversion,,,,no_corresponding_rust_line,,
381,hue_angle_to_hue,RETURN hue calculated,2933,hue_angle_to_hue,RETURN ,variable_mismatch,result: Variable not found in Rust trace,
382,xy_from_renotation_ovoid,ENTER xy coordinate calculation,,,,no_corresponding_rust_line,,
383,bounding_hues_from_renotation,ENTER bounding hues calculation,,,,no_corresponding_rust_line,,
384,bounding_hues_from_renotation,RETURN bounding hues found,,,,no_corresponding_rust_line,,
385,hue_to_hue_angle,ENTER hue to angle conversion,,,,no_corresponding_rust_line,,
386,hue_to_hue_angle,RETURN angle calculated,,,,no_corresponding_rust_line,,
387,hue_to_hue_angle,ENTER hue to angle conversion,,,,no_corresponding_rust_line,,
388,hue_to_hue_angle,RETURN angle calculated,,,,no_corresponding_rust_line,,
389,hue_to_hue_angle,ENTER hue to angle conversion,,,,no_corresponding_rust_line,,
390,hue_to_hue_angle,RETURN angle calculated,,,,no_corresponding_rust_line,,
391,interpolation_method_from_renotation_ovoid,ENTER interpolation method determination,,,,no_corresponding_rust_line,,
392,interpolation_method_from_renotation_ovoid,RETURN interpolation method determined,,,,no_corresponding_rust_line,,
393,xy_from_renotation_ovoid,RETURN xy coordinates calculated,,,,no_corresponding_rust_line,,
394,xy_from_renotation_ovoid,ENTER xy coordinate calculation,,,,no_corresponding_rust_line,,
395,bounding_hues_from_renotation,ENTER bounding hues calculation,,,,no_corresponding_rust_line,,
396,bounding_hues_from_renotation,RETURN bounding hues found,,,,no_corresponding_rust_line,,
397,hue_to_hue_angle,ENTER hue to angle conversion,,,,no_corresponding_rust_line,,
398,hue_to_hue_angle,RETURN angle calculated,,,,no_corresponding_rust_line,,
399,hue_to_hue_angle,ENTER hue to angle conversion,,,,no_corresponding_rust_line,,
400,hue_to_hue_angle,RETURN angle calculated,,,,no_corresponding_rust_line,,
401,hue_to_hue_angle,ENTER hue to angle conversion,,,,no_corresponding_rust_line,,
402,hue_to_hue_angle,RETURN angle calculated,,,,no_corresponding_rust_line,,
403,interpolation_method_from_renotation_ovoid,ENTER interpolation method determination,,,,no_corresponding_rust_line,,
404,interpolation_method_from_renotation_ovoid,RETURN interpolation method determined,,,,no_corresponding_rust_line,,
405,xy_from_renotation_ovoid,RETURN xy coordinates calculated,,,,no_corresponding_rust_line,,
406,maximum_chroma_from_renotation,ENTER maximum chroma lookup,,,,no_corresponding_rust_line,,
407,bounding_hues_from_renotation,ENTER bounding hues calculation,,,,no_corresponding_rust_line,,
408,bounding_hues_from_renotation,RETURN bounding hues found,,,,no_corresponding_rust_line,,
409,maximum_chroma_from_renotation,RETURN maximum chroma found,,,,no_corresponding_rust_line,,
410,xy_from_renotation_ovoid,ENTER xy coordinate calculation,,,,no_corresponding_rust_line,,
411,bounding_hues_from_renotation,ENTER bounding hues calculation,,,,no_corresponding_rust_line,,
412,bounding_hues_from_renotation,RETURN bounding hues found,,,,no_corresponding_rust_line,,
413,hue_to_hue_angle,ENTER hue to angle conversion,,,,no_corresponding_rust_line,,
414,hue_to_hue_angle,RETURN angle calculated,,,,no_corresponding_rust_line,,
415,hue_to_hue_angle,ENTER hue to angle conversion,,,,no_corresponding_rust_line,,
416,hue_to_hue_angle,RETURN angle calculated,,,,no_corresponding_rust_line,,
417,hue_to_hue_angle,ENTER hue to angle conversion,,,,no_corresponding_rust_line,,
418,hue_to_hue_angle,RETURN angle calculated,,,,no_corresponding_rust_line,,
419,interpolation_method_from_renotation_ovoid,ENTER interpolation method determination,,,,no_corresponding_rust_line,,
420,interpolation_method_from_renotation_ovoid,RETURN interpolation method determined,,,,no_corresponding_rust_line,,
421,xy_from_renotation_ovoid,RETURN xy coordinates calculated,,,,no_corresponding_rust_line,,
422,xy_from_renotation_ovoid,ENTER xy coordinate calculation,,,,no_corresponding_rust_line,,
423,bounding_hues_from_renotation,ENTER bounding hues calculation,,,,no_corresponding_rust_line,,
424,bounding_hues_from_renotation,RETURN bounding hues found,,,,no_corresponding_rust_line,,
425,hue_to_hue_angle,ENTER hue to angle conversion,,,,no_corresponding_rust_line,,
426,hue_to_hue_angle,RETURN angle calculated,,,,no_corresponding_rust_line,,
427,hue_to_hue_angle,ENTER hue to angle conversion,,,,no_corresponding_rust_line,,
428,hue_to_hue_angle,RETURN angle calculated,,,,no_corresponding_rust_line,,
429,hue_to_hue_angle,ENTER hue to angle conversion,,,,no_corresponding_rust_line,,
430,hue_to_hue_angle,RETURN angle calculated,,,,no_corresponding_rust_line,,
431,interpolation_method_from_renotation_ovoid,ENTER interpolation method determination,,,,no_corresponding_rust_line,,
432,interpolation_method_from_renotation_ovoid,RETURN interpolation method determined,,,,no_corresponding_rust_line,,
433,xy_from_renotation_ovoid,RETURN xy coordinates calculated,,,,no_corresponding_rust_line,,
434,xy_from_renotation_ovoid,ENTER xy coordinate calculation,,,,no_corresponding_rust_line,,
435,bounding_hues_from_renotation,ENTER bounding hues calculation,,,,no_corresponding_rust_line,,
436,bounding_hues_from_renotation,RETURN bounding hues found,,,,no_corresponding_rust_line,,
437,hue_to_hue_angle,ENTER hue to angle conversion,,,,no_corresponding_rust_line,,
438,hue_to_hue_angle,RETURN angle calculated,,,,no_corresponding_rust_line,,
439,hue_to_hue_angle,ENTER hue to angle conversion,,,,no_corresponding_rust_line,,
440,hue_to_hue_angle,RETURN angle calculated,,,,no_corresponding_rust_line,,
441,hue_to_hue_angle,ENTER hue to angle conversion,,,,no_corresponding_rust_line,,
442,hue_to_hue_angle,RETURN angle calculated,,,,no_corresponding_rust_line,,
443,interpolation_method_from_renotation_ovoid,ENTER interpolation method determination,,,,no_corresponding_rust_line,,
444,interpolation_method_from_renotation_ovoid,RETURN interpolation method determined,,,,no_corresponding_rust_line,,
445,xy_from_renotation_ovoid,RETURN xy coordinates calculated,,,,no_corresponding_rust_line,,
446,xy_from_renotation_ovoid,ENTER xy coordinate calculation,,,,no_corresponding_rust_line,,
447,bounding_hues_from_renotation,ENTER bounding hues calculation,,,,no_corresponding_rust_line,,
448,bounding_hues_from_renotation,RETURN bounding hues found,,,,no_corresponding_rust_line,,
449,hue_to_hue_angle,ENTER hue to angle conversion,,,,no_corresponding_rust_line,,
450,hue_to_hue_angle,RETURN angle calculated,,,,no_corresponding_rust_line,,
451,hue_to_hue_angle,ENTER hue to angle conversion,,,,no_corresponding_rust_line,,
452,hue_to_hue_angle,RETURN angle calculated,,,,no_corresponding_rust_line,,
453,hue_to_hue_angle,ENTER hue to angle conversion,,,,no_corresponding_rust_line,,
454,hue_to_hue_angle,RETURN angle calculated,,,,no_corresponding_rust_line,,
455,interpolation_method_from_renotation_ovoid,ENTER interpolation method determination,,,,no_corresponding_rust_line,,
456,interpolation_method_from_renotation_ovoid,RETURN interpolation method determined,,,,no_corresponding_rust_line,,
457,xy_from_renotation_ovoid,RETURN xy coordinates calculated,,,,no_corresponding_rust_line,,
458,xy_from_renotation_ovoid,ENTER xy coordinate calculation,,,,no_corresponding_rust_line,,
459,bounding_hues_from_renotation,ENTER bounding hues calculation,,,,no_corresponding_rust_line,,
460,bounding_hues_from_renotation,RETURN bounding hues found,,,,no_corresponding_rust_line,,
461,hue_to_hue_angle,ENTER hue to angle conversion,,,,no_corresponding_rust_line,,
462,hue_to_hue_angle,RETURN angle calculated,,,,no_corresponding_rust_line,,
463,hue_to_hue_angle,ENTER hue to angle conversion,,,,no_corresponding_rust_line,,
464,hue_to_hue_angle,RETURN angle calculated,,,,no_corresponding_rust_line,,
465,hue_to_hue_angle,ENTER hue to angle conversion,,,,no_corresponding_rust_line,,
466,hue_to_hue_angle,RETURN angle calculated,,,,no_corresponding_rust_line,,
467,interpolation_method_from_renotation_ovoid,ENTER interpolation method determination,,,,no_corresponding_rust_line,,
468,interpolation_method_from_renotation_ovoid,RETURN interpolation method determined,,,,no_corresponding_rust_line,,
469,xy_from_renotation_ovoid,RETURN xy coordinates calculated,,,,no_corresponding_rust_line,,
470,xy_from_renotation_ovoid,ENTER xy coordinate calculation,,,,no_corresponding_rust_line,,
471,bounding_hues_from_renotation,ENTER bounding hues calculation,,,,no_corresponding_rust_line,,
472,bounding_hues_from_renotation,RETURN bounding hues found,,,,no_corresponding_rust_line,,
473,hue_to_hue_angle,ENTER hue to angle conversion,,,,no_corresponding_rust_line,,
474,hue_to_hue_angle,RETURN angle calculated,,,,no_corresponding_rust_line,,
475,hue_to_hue_angle,ENTER hue to angle conversion,,,,no_corresponding_rust_line,,
476,hue_to_hue_angle,RETURN angle calculated,,,,no_corresponding_rust_line,,
477,hue_to_hue_angle,ENTER hue to angle conversion,,,,no_corresponding_rust_line,,
478,hue_to_hue_angle,RETURN angle calculated,,,,no_corresponding_rust_line,,
479,interpolation_method_from_renotation_ovoid,ENTER interpolation method determination,,,,no_corresponding_rust_line,,
480,interpolation_method_from_renotation_ovoid,RETURN interpolation method determined,,,,no_corresponding_rust_line,,
481,xy_from_renotation_ovoid,RETURN xy coordinates calculated,,,,no_corresponding_rust_line,,
482,xy_from_renotation_ovoid,ENTER xy coordinate calculation,,,,no_corresponding_rust_line,,
483,bounding_hues_from_renotation,ENTER bounding hues calculation,,,,no_corresponding_rust_line,,
484,bounding_hues_from_renotation,RETURN bounding hues found,,,,no_corresponding_rust_line,,
485,hue_to_hue_angle,ENTER hue to angle conversion,,,,no_corresponding_rust_line,,
486,hue_to_hue_angle,RETURN angle calculated,,,,no_corresponding_rust_line,,
487,hue_to_hue_angle,ENTER hue to angle conversion,,,,no_corresponding_rust_line,,
488,hue_to_hue_angle,RETURN angle calculated,,,,no_corresponding_rust_line,,
489,hue_to_hue_angle,ENTER hue to angle conversion,,,,no_corresponding_rust_line,,
490,hue_to_hue_angle,RETURN angle calculated,,,,no_corresponding_rust_line,,
491,interpolation_method_from_renotation_ovoid,ENTER interpolation method determination,,,,no_corresponding_rust_line,,
492,interpolation_method_from_renotation_ovoid,RETURN interpolation method determined,,,,no_corresponding_rust_line,,
493,xy_from_renotation_ovoid,RETURN xy coordinates calculated,,,,no_corresponding_rust_line,,
494,xy_from_renotation_ovoid,ENTER xy coordinate calculation,,,,no_corresponding_rust_line,,
495,bounding_hues_from_renotation,ENTER bounding hues calculation,,,,no_corresponding_rust_line,,
496,bounding_hues_from_renotation,RETURN bounding hues found,,,,no_corresponding_rust_line,,
497,hue_to_hue_angle,ENTER hue to angle conversion,,,,no_corresponding_rust_line,,
498,hue_to_hue_angle,RETURN angle calculated,,,,no_corresponding_rust_line,,
499,hue_to_hue_angle,ENTER hue to angle conversion,,,,no_corresponding_rust_line,,
500,hue_to_hue_angle,RETURN angle calculated,,,,no_corresponding_rust_line,,
501,hue_to_hue_angle,ENTER hue to angle conversion,,,,no_corresponding_rust_line,,
502,hue_to_hue_angle,RETURN angle calculated,,,,no_corresponding_rust_line,,
503,interpolation_method_from_renotation_ovoid,ENTER interpolation method determination,,,,no_corresponding_rust_line,,
504,interpolation_method_from_renotation_ovoid,RETURN interpolation method determined,,,,no_corresponding_rust_line,,
505,xy_from_renotation_ovoid,RETURN xy coordinates calculated,,,,no_corresponding_rust_line,,
506,_xyY_to_munsell_specification,RETURN internal algorithm complete,2940,xyy_to_munsell_specification,RETURN convergence complete,variable_mismatch,result: Variable not found in Rust trace,
