color_number,points,iscc-nbs-descriptor,iscc-nbs-color,iscc-nbs-modifier,revised-color,hue1,hue2,chroma,value
1,1.1,vivid pink,pink,vivid,pink,9RP,4R,11,6.5
1,1.2,vivid pink,pink,vivid,pink,9RP,4R,11,10
1,1.3,vivid pink,pink,vivid,pink,9RP,4R,50,10
1,1.4,vivid pink,pink,vivid,pink,9RP,4R,50,6.5
2,1.1,strong pink,pink,strong,pink,9RP,4R,7,6.5
2,1.2,strong pink,pink,strong,pink,9RP,4R,7,10
2,1.3,strong pink,pink,strong,pink,9RP,4R,11,10
2,1.4,strong pink,pink,strong,pink,9RP,4R,11,6.5
3,1.1,deep pink,pink,deep,pink,9RP,4R,7,5.5
3,1.2,deep pink,pink,deep,pink,9RP,4R,7,6.5
3,1.3,deep pink,pink,deep,pink,9RP,4R,15,6.5
3,1.4,deep pink,pink,deep,pink,9RP,4R,15,5.5
3,2.1,deep pink,pink,deep,pink,4R,6R,7,5.5
3,2.2,deep pink,pink,deep,pink,4R,6R,7,6.5
3,2.3,deep pink,pink,deep,pink,4R,6R,11,6.5
3,2.4,deep pink,pink,deep,pink,4R,6R,11,5.5
4,1.1,light pink,pink,light,pink,9RP,6R,3,8
4,1.2,light pink,pink,light,pink,9RP,6R,3,10
4,1.3,light pink,pink,light,pink,9RP,6R,7,10
4,1.4,light pink,pink,light,pink,9RP,6R,7,8
5,1.1,moderate pink,pink,moderate,pink,9RP,6R,3,6.5
5,1.2,moderate pink,pink,moderate,pink,9RP,6R,3,8
5,1.3,moderate pink,pink,moderate,pink,9RP,6R,7,8
5,1.4,moderate pink,pink,moderate,pink,9RP,6R,7,6.5
6,1.1,dark pink,pink,dark,pink,9RP,6R,5,5.5
6,1.2,dark pink,pink,dark,pink,9RP,6R,5,6.5
6,1.3,dark pink,pink,dark,pink,9RP,6R,7,6.5
6,1.4,dark pink,pink,dark,pink,9RP,6R,7,5.5
7,1.1,pale pink,pink,pale,pink,9RP,6R,1.5,8
7,1.2,pale pink,pink,pale,pink,9RP,6R,1.5,10
7,1.3,pale pink,pink,pale,pink,9RP,6R,3,10
7,1.4,pale pink,pink,pale,pink,9RP,6R,3,8
8,1.1,grayish pink,pink,grayish,pink,9RP,6R,1.5,6.5
8,1.2,grayish pink,pink,grayish,pink,9RP,6R,1.5,8
8,1.3,grayish pink,pink,grayish,pink,9RP,6R,3,8
8,1.4,grayish pink,pink,grayish,pink,9RP,6R,3,6.5
9,1.1,pinkish white,pink,-ish white,pink,9RP,5YR,0.5,8.5
9,1.2,pinkish white,pink,-ish white,pink,9RP,5YR,0.5,10
9,1.3,pinkish white,pink,-ish white,pink,9RP,5YR,1.5,10
9,1.4,pinkish white,pink,-ish white,pink,9RP,5YR,1.5,8.5
9,2.1,pinkish white,pink,-ish white,pink,5YR,7YR,0.5,8.5
9,2.2,pinkish white,pink,-ish white,pink,5YR,7YR,0.5,10
9,2.3,pinkish white,pink,-ish white,pink,5YR,7YR,1.2,10
9,2.4,pinkish white,pink,-ish white,pink,5YR,7YR,1.2,8.5
10,1.1,pinkish gray,pink,-ish gray,pink,9RP,5YR,0.5,6.5
10,1.2,pinkish gray,pink,-ish gray,pink,9RP,5YR,0.5,8.5
10,1.3,pinkish gray,pink,-ish gray,pink,9RP,5YR,1.5,8.5
10,1.4,pinkish gray,pink,-ish gray,pink,9RP,5YR,1.5,6.5
10,2.1,pinkish gray,pink,-ish gray,pink,5YR,7YR,0.5,6.5
10,2.2,pinkish gray,pink,-ish gray,pink,5YR,7YR,0.5,8.5
10,2.3,pinkish gray,pink,-ish gray,pink,5YR,7YR,1.2,8.5
10,2.4,pinkish gray,pink,-ish gray,pink,5YR,7YR,1.2,6.5
11,1.1,vivid red,red,vivid,red,1R,7R,11,0
11,1.2,vivid red,red,vivid,red,1R,7R,11,3.5
11,1.3,vivid red,red,vivid,red,1R,7R,13,3.5
11,1.4,vivid red,red,vivid,red,1R,7R,13,5.5
11,1.5,vivid red,red,vivid,red,1R,7R,15,5.5
11,1.6,vivid red,red,vivid,red,1R,7R,15,6.5
11,1.7,vivid red,red,vivid,red,1R,7R,50,6.5
11,1.8,vivid red,red,vivid,red,1R,7R,50,0
11,2.1,vivid red,red,vivid,red,7R,9R,11,0
11,2.2,vivid red,red,vivid,red,7R,9R,11,3.5
11,2.3,vivid red,red,vivid,red,7R,9R,13,3.5
11,2.4,vivid red,red,vivid,red,7R,9R,13,4.5
11,2.5,vivid red,red,vivid,red,7R,9R,50,4.5
11,2.6,vivid red,red,vivid,red,7R,9R,50,0
12,1.1,strong red,red,strong,red,1R,7R,11,3.5
12,1.2,strong red,red,strong,red,1R,7R,11,5.5
12,1.3,strong red,red,strong,red,1R,7R,13,5.5
12,1.4,strong red,red,strong,red,1R,7R,13,3.5
13,1.1,deep red,red,deep,red,1R,9R,9,2
13,1.2,deep red,red,deep,red,1R,9R,9,3.5
13,1.3,deep red,red,deep,red,1R,9R,11,3.5
13,1.4,deep red,red,deep,red,1R,9R,11,2
14,1.1,very deep red,red,very deep,red,1R,9R,7,0
14,1.2,very deep red,red,very deep,red,1R,9R,7,2
14,1.3,very deep red,red,very deep,red,1R,9R,11,2
14,1.4,very deep red,red,very deep,red,1R,9R,11,0
15,1.1,moderate red,red,moderate,red,1R,7R,7,3.5
15,1.2,moderate red,red,moderate,red,1R,7R,7,5.5
15,1.3,moderate red,red,moderate,red,1R,7R,11,5.5
15,1.4,moderate red,red,moderate,red,1R,7R,11,3.5
16,1.1,dark red,red,dark,red,1R,6R,3,2
16,1.2,dark red,red,dark,red,1R,6R,3,3.5
16,1.3,dark red,red,dark,red,1R,6R,9,3.5
16,1.4,dark red,red,dark,red,1R,6R,9,2
16,2.1,dark red,red,dark,red,6R,9R,7,2
16,2.2,dark red,red,dark,red,6R,9R,7,3.5
16,2.3,dark red,red,dark,red,6R,9R,9,3.5
16,2.4,dark red,red,dark,red,6R,9R,9,2
17,1.1,very dark red,red,very dark,red,1R,6R,2,0
17,1.2,very dark red,red,very dark,red,1R,6R,2,2
17,1.3,very dark red,red,very dark,red,1R,6R,7,2
17,1.4,very dark red,red,very dark,red,1R,6R,7,0
18,1.1,light grayish red,red,pale,red,1R,8R,1.5,5.5
18,1.2,light grayish red,red,pale,red,1R,8R,1.5,6.5
18,1.3,light grayish red,red,pale,red,1R,8R,5,6.5
18,1.4,light grayish red,red,pale,red,1R,8R,5,5.5
18,2.1,light grayish red,red,pale,red,8R,1YR,1.5,5.5
18,2.2,light grayish red,red,pale,red,8R,1YR,1.5,6.5
18,2.3,light grayish red,red,pale,red,8R,1YR,3,6.5
18,2.4,light grayish red,red,pale,red,8R,1YR,3,5.5
19,1.1,grayish red,red,grayish,red,1R,8R,1.5,3.5
19,1.2,grayish red,red,grayish,red,1R,8R,1.5,5.5
19,1.3,grayish red,red,grayish,red,1R,8R,7,5.5
19,1.4,grayish red,red,grayish,red,1R,8R,7,3.5
19,2.1,grayish red,red,grayish,red,8R,1YR,1.5,4.5
19,2.2,grayish red,red,grayish,red,8R,1YR,1.5,5.5
19,2.3,grayish red,red,grayish,red,8R,1YR,3,5.5
19,2.4,grayish red,red,grayish,red,8R,1YR,3,4.5
20,1.1,dark grayish red,red,dark grayish,red,1R,6R,0.5,2
20,1.2,dark grayish red,red,dark grayish,red,1R,6R,0.5,2.5
20,1.3,dark grayish red,red,dark grayish,red,1R,6R,1.5,2.5
20,1.4,dark grayish red,red,dark grayish,red,1R,6R,1.5,3.5
20,1.5,dark grayish red,red,dark grayish,red,1R,6R,3,3.5
20,1.6,dark grayish red,red,dark grayish,red,1R,6R,3,2
21,1.1,blackish red,red,blackish,red,1R,6R,1,0
21,1.2,blackish red,red,blackish,red,1R,6R,1,2
21,1.3,blackish red,red,blackish,red,1R,6R,2,2
21,1.4,blackish red,red,blackish,red,1R,6R,2,0
22,1.1,reddish gray,red,-ish gray,red,1R,2YR,0.5,4.5
22,1.2,reddish gray,red,-ish gray,red,1R,2YR,0.5,6.5
22,1.3,reddish gray,red,-ish gray,red,1R,2YR,1.5,6.5
22,1.4,reddish gray,red,-ish gray,red,1R,2YR,1.5,4.5
23,1.1,dark reddish gray,red,dark -ish gray,red,1R,1YR,0.5,2.5
23,1.2,dark reddish gray,red,dark -ish gray,red,1R,1YR,0.5,4.5
23,1.3,dark reddish gray,red,dark -ish gray,red,1R,1YR,1.5,4.5
23,1.4,dark reddish gray,red,dark -ish gray,red,1R,1YR,1.5,2.5
24,1.1,reddish black,red,-ish black,red,1R,6R,0.5,0
24,1.2,reddish black,red,-ish black,red,1R,6R,0.5,2
24,1.3,reddish black,red,-ish black,red,1R,6R,1,2
24,1.4,reddish black,red,-ish black,red,1R,6R,1,0
24,2.1,reddish black,red,-ish black,red,6R,1YR,0.5,0
24,2.2,reddish black,red,-ish black,red,6R,1YR,0.5,1.5
24,2.3,reddish black,red,-ish black,red,6R,1YR,1,1.5
24,2.4,reddish black,red,-ish black,red,6R,1YR,1,0
25,1.1,vivid yellowish pink,yellowish pink,vivid,yellowish pink,4R,2YR,11,6.5
25,1.2,vivid yellowish pink,yellowish pink,vivid,yellowish pink,4R,2YR,11,10
25,1.3,vivid yellowish pink,yellowish pink,vivid,yellowish pink,4R,2YR,50,10
25,1.4,vivid yellowish pink,yellowish pink,vivid,yellowish pink,4R,2YR,50,6.5
26,1.1,strong yellowish pink,yellowish pink,strong,yellowish pink,4R,2YR,7,6.5
26,1.2,strong yellowish pink,yellowish pink,strong,yellowish pink,4R,2YR,7,10
26,1.3,strong yellowish pink,yellowish pink,strong,yellowish pink,4R,2YR,11,10
26,1.4,strong yellowish pink,yellowish pink,strong,yellowish pink,4R,2YR,11,6.5
27,1.1,deep yellowish pink,yellowish pink,deep,yellowish pink,4R,6R,11,5.5
27,1.2,deep yellowish pink,yellowish pink,deep,yellowish pink,4R,6R,11,6.5
27,1.3,deep yellowish pink,yellowish pink,deep,yellowish pink,4R,6R,15,6.5
27,1.4,deep yellowish pink,yellowish pink,deep,yellowish pink,4R,6R,15,5.5
27,2.1,deep yellowish pink,yellowish pink,deep,yellowish pink,6R,7R,7,5.5
27,2.2,deep yellowish pink,yellowish pink,deep,yellowish pink,6R,7R,7,6.5
27,2.3,deep yellowish pink,yellowish pink,deep,yellowish pink,6R,7R,15,6.5
27,2.4,deep yellowish pink,yellowish pink,deep,yellowish pink,6R,7R,15,5.5
28,1.1,light yellowish pink,yellowish pink,light,yellowish pink,6R,2YR,3,8
28,1.2,light yellowish pink,yellowish pink,light,yellowish pink,6R,2YR,3,10
28,1.3,light yellowish pink,yellowish pink,light,yellowish pink,6R,2YR,7,10
28,1.4,light yellowish pink,yellowish pink,light,yellowish pink,6R,2YR,7,8
28,2.1,light yellowish pink,yellowish pink,light,yellowish pink,2YR,7YR,3,8
28,2.2,light yellowish pink,yellowish pink,light,yellowish pink,2YR,7YR,3,10
28,2.3,light yellowish pink,yellowish pink,light,yellowish pink,2YR,7YR,6,10
28,2.4,light yellowish pink,yellowish pink,light,yellowish pink,2YR,7YR,6,8
29,1.1,moderate yellowish pink,yellowish pink,moderate,yellowish pink,6R,2YR,3,6.5
29,1.2,moderate yellowish pink,yellowish pink,moderate,yellowish pink,6R,2YR,3,8
29,1.3,moderate yellowish pink,yellowish pink,moderate,yellowish pink,6R,2YR,7,8
29,1.4,moderate yellowish pink,yellowish pink,moderate,yellowish pink,6R,2YR,7,6.5
29,2.1,moderate yellowish pink,yellowish pink,moderate,yellowish pink,2YR,7YR,3,6.5
29,2.2,moderate yellowish pink,yellowish pink,moderate,yellowish pink,2YR,7YR,3,8
29,2.3,moderate yellowish pink,yellowish pink,moderate,yellowish pink,2YR,7YR,6,8
29,2.4,moderate yellowish pink,yellowish pink,moderate,yellowish pink,2YR,7YR,6,6.5
30,1.1,dark yellowish pink,yellowish pink,dark,yellowish pink,6R,8R,5,5.5
30,1.2,dark yellowish pink,yellowish pink,dark,yellowish pink,6R,8R,5,6.5
30,1.3,dark yellowish pink,yellowish pink,dark,yellowish pink,6R,8R,7,6.5
30,1.4,dark yellowish pink,yellowish pink,dark,yellowish pink,6R,8R,7,5.5
31,1.1,pale yellowish pink,yellowish pink,pale,yellowish pink,6R,5YR,1.5,8
31,1.2,pale yellowish pink,yellowish pink,pale,yellowish pink,6R,5YR,1.5,10
31,1.3,pale yellowish pink,yellowish pink,pale,yellowish pink,6R,5YR,3,10
31,1.4,pale yellowish pink,yellowish pink,pale,yellowish pink,6R,5YR,3,8
31,2.1,pale yellowish pink,yellowish pink,pale,yellowish pink,5YR,8YR,1.2,8
31,2.2,pale yellowish pink,yellowish pink,pale,yellowish pink,5YR,8YR,1.2,10
31,2.3,pale yellowish pink,yellowish pink,pale,yellowish pink,5YR,8YR,3,10
31,2.4,pale yellowish pink,yellowish pink,pale,yellowish pink,5YR,8YR,3,8
32,1.1,grayish yellowish pink,yellowish pink,grayish,yellowish pink,6R,5YR,1.5,6.5
32,1.2,grayish yellowish pink,yellowish pink,grayish,yellowish pink,6R,5YR,1.5,8
32,1.3,grayish yellowish pink,yellowish pink,grayish,yellowish pink,6R,5YR,3,8
32,1.4,grayish yellowish pink,yellowish pink,grayish,yellowish pink,6R,5YR,3,6.5
33,1.1,brownish pink,pink,brownish,pink,5YR,8YR,1.2,6.5
33,1.2,brownish pink,pink,brownish,pink,5YR,8YR,1.2,8
33,1.3,brownish pink,pink,brownish,pink,5YR,8YR,3,8
33,1.4,brownish pink,pink,brownish,pink,5YR,8YR,3,6.5
34,1.1,vivid reddish orange,reddish orange,vivid,reddish orange,7R,9R,13,4.5
34,1.2,vivid reddish orange,reddish orange,vivid,reddish orange,7R,9R,13,6.5
34,1.3,vivid reddish orange,reddish orange,vivid,reddish orange,7R,9R,50,6.5
34,1.4,vivid reddish orange,reddish orange,vivid,reddish orange,7R,9R,50,4.5
34,2.1,vivid reddish orange,reddish orange,vivid,reddish orange,9R,2YR,13,3.5
34,2.2,vivid reddish orange,reddish orange,vivid,reddish orange,9R,2YR,13,6.5
34,2.3,vivid reddish orange,reddish orange,vivid,reddish orange,9R,2YR,50,6.5
34,2.4,vivid reddish orange,reddish orange,vivid,reddish orange,9R,2YR,50,3.5
35,1.1,strong reddish orange,reddish orange,strong,reddish orange,7R,2YR,11,4.5
35,1.2,strong reddish orange,reddish orange,strong,reddish orange,7R,2YR,11,6.5
35,1.3,strong reddish orange,reddish orange,strong,reddish orange,7R,2YR,13,6.5
35,1.4,strong reddish orange,reddish orange,strong,reddish orange,7R,2YR,13,4.5
36,1.1,deep reddish orange,reddish orange,deep,reddish orange,7R,2YR,11,3.5
36,1.2,deep reddish orange,reddish orange,deep,reddish orange,7R,2YR,11,4.5
36,1.3,deep reddish orange,reddish orange,deep,reddish orange,7R,2YR,13,4.5
36,1.4,deep reddish orange,reddish orange,deep,reddish orange,7R,2YR,13,3.5
37,1.1,moderate reddish orange,reddish orange,moderate,reddish orange,7R,2YR,7,4.5
37,1.2,moderate reddish orange,reddish orange,moderate,reddish orange,7R,2YR,7,6.5
37,1.3,moderate reddish orange,reddish orange,moderate,reddish orange,7R,2YR,11,6.5
37,1.4,moderate reddish orange,reddish orange,moderate,reddish orange,7R,2YR,11,4.5
38,1.1,dark reddish orange,reddish orange,dark,reddish orange,7R,2YR,7,3.5
38,1.2,dark reddish orange,reddish orange,dark,reddish orange,7R,2YR,7,4.5
38,1.3,dark reddish orange,reddish orange,dark,reddish orange,7R,2YR,11,4.5
38,1.4,dark reddish orange,reddish orange,dark,reddish orange,7R,2YR,11,3.5
39,1.1,grayish reddish orange,reddish orange,grayish,reddish orange,8R,3YR,5,4.5
39,1.2,grayish reddish orange,reddish orange,grayish,reddish orange,8R,3YR,5,6.5
39,1.3,grayish reddish orange,reddish orange,grayish,reddish orange,8R,3YR,7,6.5
39,1.4,grayish reddish orange,reddish orange,grayish,reddish orange,8R,3YR,7,4.5
40,1.1,strong reddish brown,reddish brown,strong,reddish brown,9R,2YR,7,2.5
40,1.2,strong reddish brown,reddish brown,strong,reddish brown,9R,2YR,7,3.5
40,1.3,strong reddish brown,reddish brown,strong,reddish brown,9R,2YR,50,3.5
40,1.4,strong reddish brown,reddish brown,strong,reddish brown,9R,2YR,50,2.5
41,1.1,deep reddish brown,reddish brown,deep,reddish brown,6R,9R,5,0
41,1.2,deep reddish brown,reddish brown,deep,reddish brown,6R,9R,5,2.5
41,1.3,deep reddish brown,reddish brown,deep,reddish brown,6R,9R,7,2.5
41,1.4,deep reddish brown,reddish brown,deep,reddish brown,6R,9R,7,0
41,2.1,deep reddish brown,reddish brown,deep,reddish brown,9R,2YR,5,0
41,2.2,deep reddish brown,reddish brown,deep,reddish brown,9R,2YR,5,2.5
41,2.3,deep reddish brown,reddish brown,deep,reddish brown,9R,2YR,50,2.5
41,2.4,deep reddish brown,reddish brown,deep,reddish brown,9R,2YR,50,0
42,1.1,light reddish brown,reddish brown,light,reddish brown,8R,3YR,3,4.5
42,1.2,light reddish brown,reddish brown,light,reddish brown,8R,3YR,3,6.5
42,1.3,light reddish brown,reddish brown,light,reddish brown,8R,3YR,5,6.5
42,1.4,light reddish brown,reddish brown,light,reddish brown,8R,3YR,5,4.5
43,1.1,moderate reddish brown,reddish brown,moderate,reddish brown,6R,8R,3,2.5
43,1.2,moderate reddish brown,reddish brown,moderate,reddish brown,6R,8R,3,3.5
43,1.3,moderate reddish brown,reddish brown,moderate,reddish brown,6R,8R,7,3.5
43,1.4,moderate reddish brown,reddish brown,moderate,reddish brown,6R,8R,7,2.5
43,2.1,moderate reddish brown,reddish brown,moderate,reddish brown,8R,2YR,3,2.5
43,2.2,moderate reddish brown,reddish brown,moderate,reddish brown,8R,2YR,3,4.5
43,2.3,moderate reddish brown,reddish brown,moderate,reddish brown,8R,2YR,7,4.5
43,2.4,moderate reddish brown,reddish brown,moderate,reddish brown,8R,2YR,7,2.5
43,3.1,moderate reddish brown,reddish brown,moderate,reddish brown,2YR,3YR,2,2.5
43,3.2,moderate reddish brown,reddish brown,moderate,reddish brown,2YR,3YR,2,4.5
43,3.3,moderate reddish brown,reddish brown,moderate,reddish brown,2YR,3YR,5,4.5
43,3.4,moderate reddish brown,reddish brown,moderate,reddish brown,2YR,3YR,5,2.5
44,1.1,dark reddish brown,reddish brown,dark,reddish brown,6R,3YR,1,0
44,1.2,dark reddish brown,reddish brown,dark,reddish brown,6R,3YR,1,1.5
44,1.3,dark reddish brown,reddish brown,dark,reddish brown,6R,3YR,3,1.5
44,1.4,dark reddish brown,reddish brown,dark,reddish brown,6R,3YR,3,2.5
44,1.5,dark reddish brown,reddish brown,dark,reddish brown,6R,3YR,5,2.5
44,1.6,dark reddish brown,reddish brown,dark,reddish brown,6R,3YR,5,0
45,1.1,light grayish reddish brown,reddish brown,pale,reddish brown,1YR,5YR,1.5,4.5
45,1.2,light grayish reddish brown,reddish brown,pale,reddish brown,1YR,5YR,1.5,6.5
45,1.3,light grayish reddish brown,reddish brown,pale,reddish brown,1YR,5YR,3,6.5
45,1.4,light grayish reddish brown,reddish brown,pale,reddish brown,1YR,5YR,3,4.5
46,1.1,grayish reddish brown,reddish brown,grayish,reddish brown,6R,8R,1.5,2.5
46,1.2,grayish reddish brown,reddish brown,grayish,reddish brown,6R,8R,1.5,3.5
46,1.3,grayish reddish brown,reddish brown,grayish,reddish brown,6R,8R,3,3.5
46,1.4,grayish reddish brown,reddish brown,grayish,reddish brown,6R,8R,3,2.5
46,2.1,grayish reddish brown,reddish brown,grayish,reddish brown,8R,3YR,1.5,2.5
46,2.2,grayish reddish brown,reddish brown,grayish,reddish brown,8R,3YR,1.5,4.5
46,2.3,grayish reddish brown,reddish brown,grayish,reddish brown,8R,3YR,3,4.5
46,2.4,grayish reddish brown,reddish brown,grayish,reddish brown,8R,3YR,3,2.5
47,1.1,dark grayish reddish brown,reddish brown,dark grayish,reddish brown,6R,3YR,0.5,1.5
47,1.2,dark grayish reddish brown,reddish brown,dark grayish,reddish brown,6R,3YR,0.5,2.5
47,1.3,dark grayish reddish brown,reddish brown,dark grayish,reddish brown,6R,3YR,3,2.5
47,1.4,dark grayish reddish brown,reddish brown,dark grayish,reddish brown,6R,3YR,3,1.5
48,1.1,vivid orange,orange,vivid,orange,2YR,7YR,14,4.5
48,1.2,vivid orange,orange,vivid,orange,2YR,7YR,14,10
48,1.3,vivid orange,orange,vivid,orange,2YR,7YR,50,10
48,1.4,vivid orange,orange,vivid,orange,2YR,7YR,50,4.5
49,1.1,brilliant orange,orange,brilliant,orange,2YR,7YR,10,7.5
49,1.2,brilliant orange,orange,brilliant,orange,2YR,7YR,10,10
49,1.3,brilliant orange,orange,brilliant,orange,2YR,7YR,14,10
49,1.4,brilliant orange,orange,brilliant,orange,2YR,7YR,14,7.5
50,1.1,strong orange,orange,strong,orange,2YR,7YR,10,5.5
50,1.2,strong orange,orange,strong,orange,2YR,7YR,10,7.5
50,1.3,strong orange,orange,strong,orange,2YR,7YR,14,7.5
50,1.4,strong orange,orange,strong,orange,2YR,7YR,14,5.5
51,1.1,deep orange,orange,deep,orange,2YR,7YR,10,4.5
51,1.2,deep orange,orange,deep,orange,2YR,7YR,10,5.5
51,1.3,deep orange,orange,deep,orange,2YR,7YR,14,5.5
51,1.4,deep orange,orange,deep,orange,2YR,7YR,14,4.5
52,1.1,light orange,orange,light,orange,2YR,7YR,6,7.5
52,1.2,light orange,orange,light,orange,2YR,7YR,6,10
52,1.3,light orange,orange,light,orange,2YR,7YR,10,10
52,1.4,light orange,orange,light,orange,2YR,7YR,10,7.5
53,1.1,moderate orange,orange,moderate,orange,2YR,3YR,7,5.5
53,1.2,moderate orange,orange,moderate,orange,2YR,3YR,7,6.5
53,1.3,moderate orange,orange,moderate,orange,2YR,3YR,6,6.5
53,1.4,moderate orange,orange,moderate,orange,2YR,3YR,6,7.5
53,1.5,moderate orange,orange,moderate,orange,2YR,3YR,10,7.5
53,1.6,moderate orange,orange,moderate,orange,2YR,3YR,10,5.5
53,2.1,moderate orange,orange,moderate,orange,3YR,7YR,6,5.5
53,2.2,moderate orange,orange,moderate,orange,3YR,7YR,6,7.5
53,2.3,moderate orange,orange,moderate,orange,3YR,7YR,10,7.5
53,2.4,moderate orange,orange,moderate,orange,3YR,7YR,10,5.5
54,1.1,brownish orange,orange,brownish,orange,2YR,3YR,7,4.5
54,1.2,brownish orange,orange,brownish,orange,2YR,3YR,7,5.5
54,1.3,brownish orange,orange,brownish,orange,2YR,3YR,10,5.5
54,1.4,brownish orange,orange,brownish,orange,2YR,3YR,10,4.5
54,2.1,brownish orange,orange,brownish,orange,3YR,7YR,6,4.5
54,2.2,brownish orange,orange,brownish,orange,3YR,7YR,6,5.5
54,2.3,brownish orange,orange,brownish,orange,3YR,7YR,10,5.5
54,2.4,brownish orange,orange,brownish,orange,3YR,7YR,10,4.5
55,1.1,strong brown,brown,strong,brown,2YR,8YR,5,2.5
55,1.2,strong brown,brown,strong,brown,2YR,8YR,5,4.5
55,1.3,strong brown,brown,strong,brown,2YR,8YR,50,4.5
55,1.4,strong brown,brown,strong,brown,2YR,8YR,50,2.5
56,1.1,deep brown,brown,deep,brown,2YR,8YR,5,0
56,1.2,deep brown,brown,deep,brown,2YR,8YR,5,2.5
56,1.3,deep brown,brown,deep,brown,2YR,8YR,50,2.5
56,1.4,deep brown,brown,deep,brown,2YR,8YR,50,0
57,1.1,light brown,brown,light,brown,3YR,8YR,3,4.5
57,1.2,light brown,brown,light,brown,3YR,8YR,3,6.5
57,1.3,light brown,brown,light,brown,3YR,8YR,6,6.5
57,1.4,light brown,brown,light,brown,3YR,8YR,6,4.5
58,1.1,moderate brown,brown,moderate,brown,3YR,8YR,2.5,2.5
58,1.2,moderate brown,brown,moderate,brown,3YR,8YR,2.5,4.5
58,1.3,moderate brown,brown,moderate,brown,3YR,8YR,5,4.5
58,1.4,moderate brown,brown,moderate,brown,3YR,8YR,5,2.5
59,1.1,dark brown,brown,dark,brown,3YR,8YR,1,0
59,1.2,dark brown,brown,dark,brown,3YR,8YR,1,1.5
59,1.3,dark brown,brown,dark,brown,3YR,8YR,2.5,1.5
59,1.4,dark brown,brown,dark,brown,3YR,8YR,2.5,2.5
59,1.5,dark brown,brown,dark,brown,3YR,8YR,5,2.5
59,1.6,dark brown,brown,dark,brown,3YR,8YR,5,0
60,1.1,light grayish brown,brown,pale,brown,5YR,8YR,1.2,4.5
60,1.2,light grayish brown,brown,pale,brown,5YR,8YR,1.2,6.5
60,1.3,light grayish brown,brown,pale,brown,5YR,8YR,3,6.5
60,1.4,light grayish brown,brown,pale,brown,5YR,8YR,3,4.5
61,1.1,grayish brown,brown,grayish,brown,3YR,5YR,1.5,2.5
61,1.2,grayish brown,brown,grayish,brown,3YR,5YR,1.5,4.5
61,1.3,grayish brown,brown,grayish,brown,3YR,5YR,2.5,4.5
61,1.4,grayish brown,brown,grayish,brown,3YR,5YR,2.5,2.5
61,2.1,grayish brown,brown,grayish,brown,5YR,8YR,1.2,2.5
61,2.2,grayish brown,brown,grayish,brown,5YR,8YR,1.2,4.5
61,2.3,grayish brown,brown,grayish,brown,5YR,8YR,2.5,4.5
61,2.4,grayish brown,brown,grayish,brown,5YR,8YR,2.5,2.5
62,1.1,dark grayish brown,brown,dark grayish,brown,3YR,8YR,0.5,1.5
62,1.2,dark grayish brown,brown,dark grayish,brown,3YR,8YR,0.5,2.5
62,1.3,dark grayish brown,brown,dark grayish,brown,3YR,8YR,2.5,2.5
62,1.4,dark grayish brown,brown,dark grayish,brown,3YR,8YR,2.5,1.5
63,1.1,light brownish gray,brown,light -ish gray,brown,2YR,5YR,0.5,4.5
63,1.2,light brownish gray,brown,light -ish gray,brown,2YR,5YR,0.5,6.5
63,1.3,light brownish gray,brown,light -ish gray,brown,2YR,5YR,1.5,6.5
63,1.4,light brownish gray,brown,light -ish gray,brown,2YR,5YR,1.5,4.5
63,2.1,light brownish gray,brown,light -ish gray,brown,5YR,7YR,0.5,4.5
63,2.2,light brownish gray,brown,light -ish gray,brown,5YR,7YR,0.5,6.5
63,2.3,light brownish gray,brown,light -ish gray,brown,5YR,7YR,1.2,6.5
63,2.4,light brownish gray,brown,light -ish gray,brown,5YR,7YR,1.2,4.5
63,3.1,light brownish gray,brown,light -ish gray,brown,7YR,4Y,0.7,4.5
63,3.2,light brownish gray,brown,light -ish gray,brown,7YR,4Y,0.7,6.5
63,3.3,light brownish gray,brown,light -ish gray,brown,7YR,4Y,1.2,6.5
63,3.4,light brownish gray,brown,light -ish gray,brown,7YR,4Y,1.2,4.5
64,1.1,brownish gray,brown,-ish gray,brown,1YR,5YR,0.5,2.5
64,1.2,brownish gray,brown,-ish gray,brown,1YR,5YR,0.5,4.5
64,1.3,brownish gray,brown,-ish gray,brown,1YR,5YR,1.5,4.5
64,1.4,brownish gray,brown,-ish gray,brown,1YR,5YR,1.5,2.5
64,2.1,brownish gray,brown,-ish gray,brown,5YR,4Y,0.5,2.5
64,2.2,brownish gray,brown,-ish gray,brown,5YR,4Y,0.5,4.5
64,2.3,brownish gray,brown,-ish gray,brown,5YR,4Y,1.2,4.5
64,2.4,brownish gray,brown,-ish gray,brown,5YR,4Y,1.2,2.5
65,1.1,brownish black,brown,-ish black,brown,1YR,4Y,0.5,0
65,1.2,brownish black,brown,-ish black,brown,1YR,4Y,0.5,1.5
65,1.3,brownish black,brown,-ish black,brown,1YR,4Y,1,1.5
65,1.4,brownish black,brown,-ish black,brown,1YR,4Y,1,0
66,1.1,vivid orange yellow,orange yellow,vivid,orange yellow,7YR,1Y,14,5.5
66,1.2,vivid orange yellow,orange yellow,vivid,orange yellow,7YR,1Y,14,10
66,1.3,vivid orange yellow,orange yellow,vivid,orange yellow,7YR,1Y,50,10
66,1.4,vivid orange yellow,orange yellow,vivid,orange yellow,7YR,1Y,50,5.5
67,1.1,brilliant orange yellow,orange yellow,brilliant,orange yellow,7YR,1Y,10,8
67,1.2,brilliant orange yellow,orange yellow,brilliant,orange yellow,7YR,1Y,10,10
67,1.3,brilliant orange yellow,orange yellow,brilliant,orange yellow,7YR,1Y,14,10
67,1.4,brilliant orange yellow,orange yellow,brilliant,orange yellow,7YR,1Y,14,8
68,1.1,strong orange yellow,orange yellow,strong,orange yellow,7YR,1Y,10,6.5
68,1.2,strong orange yellow,orange yellow,strong,orange yellow,7YR,1Y,10,8
68,1.3,strong orange yellow,orange yellow,strong,orange yellow,7YR,1Y,14,8
68,1.4,strong orange yellow,orange yellow,strong,orange yellow,7YR,1Y,14,6.5
69,1.1,deep orange yellow,orange yellow,deep,orange yellow,7YR,1Y,10,5.5
69,1.2,deep orange yellow,orange yellow,deep,orange yellow,7YR,1Y,10,6.5
69,1.3,deep orange yellow,orange yellow,deep,orange yellow,7YR,1Y,14,6.5
69,1.4,deep orange yellow,orange yellow,deep,orange yellow,7YR,1Y,14,5.5
70,1.1,light orange yellow,orange yellow,light,orange yellow,7YR,1Y,6,8
70,1.2,light orange yellow,orange yellow,light,orange yellow,7YR,1Y,6,10
70,1.3,light orange yellow,orange yellow,light,orange yellow,7YR,1Y,10,10
70,1.4,light orange yellow,orange yellow,light,orange yellow,7YR,1Y,10,8
71,1.1,moderate orange yellow,orange yellow,moderate,orange yellow,7YR,1Y,6,6.5
71,1.2,moderate orange yellow,orange yellow,moderate,orange yellow,7YR,1Y,6,8
71,1.3,moderate orange yellow,orange yellow,moderate,orange yellow,7YR,1Y,10,8
71,1.4,moderate orange yellow,orange yellow,moderate,orange yellow,7YR,1Y,10,6.5
72,1.1,dark orange yellow,orange yellow,dark,orange yellow,7YR,1Y,6,5.5
72,1.2,dark orange yellow,orange yellow,dark,orange yellow,7YR,1Y,6,6.5
72,1.3,dark orange yellow,orange yellow,dark,orange yellow,7YR,1Y,10,6.5
72,1.4,dark orange yellow,orange yellow,dark,orange yellow,7YR,1Y,10,5.5
73,1.1,pale orange yellow,orange yellow,pale,orange yellow,7YR,8YR,3,7.5
73,1.2,pale orange yellow,orange yellow,pale,orange yellow,7YR,8YR,3,10
73,1.3,pale orange yellow,orange yellow,pale,orange yellow,7YR,8YR,6,10
73,1.4,pale orange yellow,orange yellow,pale,orange yellow,7YR,8YR,6,7.5
73,2.1,pale orange yellow,orange yellow,pale,orange yellow,8YR,1Y,2,7.5
73,2.2,pale orange yellow,orange yellow,pale,orange yellow,8YR,1Y,2,10
73,2.3,pale orange yellow,orange yellow,pale,orange yellow,8YR,1Y,6,10
73,2.4,pale orange yellow,orange yellow,pale,orange yellow,8YR,1Y,6,7.5
74,1.1,strong yellowish brown,yellowish brown,strong,yellowish brown,7YR,8YR,6,4.5
74,1.2,strong yellowish brown,yellowish brown,strong,yellowish brown,7YR,8YR,6,5.5
74,1.3,strong yellowish brown,yellowish brown,strong,yellowish brown,7YR,8YR,50,5.5
74,1.4,strong yellowish brown,yellowish brown,strong,yellowish brown,7YR,8YR,50,4.5
74,2.1,strong yellowish brown,yellowish brown,strong,yellowish brown,8YR,1Y,5,3.5
74,2.2,strong yellowish brown,yellowish brown,strong,yellowish brown,8YR,1Y,5,5.5
74,2.3,strong yellowish brown,yellowish brown,strong,yellowish brown,8YR,1Y,50,5.5
74,2.4,strong yellowish brown,yellowish brown,strong,yellowish brown,8YR,1Y,50,3.5
75,1.1,deep yellowish brown,yellowish brown,deep,yellowish brown,8YR,1Y,5,0
75,1.2,deep yellowish brown,yellowish brown,deep,yellowish brown,8YR,1Y,5,3.5
75,1.3,deep yellowish brown,yellowish brown,deep,yellowish brown,8YR,1Y,50,3.5
75,1.4,deep yellowish brown,yellowish brown,deep,yellowish brown,8YR,1Y,50,0
76,1.1,light yellowish brown,yellowish brown,light,yellowish brown,7YR,8YR,3,6.5
76,1.2,light yellowish brown,yellowish brown,light,yellowish brown,7YR,8YR,3,7.5
76,1.3,light yellowish brown,yellowish brown,light,yellowish brown,7YR,8YR,6,7.5
76,1.4,light yellowish brown,yellowish brown,light,yellowish brown,7YR,8YR,6,6.5
76,2.1,light yellowish brown,yellowish brown,light,yellowish brown,8YR,1Y,3,5.5
76,2.2,light yellowish brown,yellowish brown,light,yellowish brown,8YR,1Y,3,7.5
76,2.3,light yellowish brown,yellowish brown,light,yellowish brown,8YR,1Y,5,7.5
76,2.4,light yellowish brown,yellowish brown,light,yellowish brown,8YR,1Y,5,5.5
77,1.1,moderate yellowish brown,yellowish brown,moderate,yellowish brown,8YR,1Y,2.5,3.5
77,1.2,moderate yellowish brown,yellowish brown,moderate,yellowish brown,8YR,1Y,2.5,4.5
77,1.3,moderate yellowish brown,yellowish brown,moderate,yellowish brown,8YR,1Y,3,4.5
77,1.4,moderate yellowish brown,yellowish brown,moderate,yellowish brown,8YR,1Y,3,5.5
77,1.5,moderate yellowish brown,yellowish brown,moderate,yellowish brown,8YR,1Y,5,5.5
77,1.6,moderate yellowish brown,yellowish brown,moderate,yellowish brown,8YR,1Y,5,3.5
78,1.1,dark yellowish brown,yellowish brown,dark,yellowish brown,8YR,1Y,1,0
78,1.2,dark yellowish brown,yellowish brown,dark,yellowish brown,8YR,1Y,1,1.5
78,1.3,dark yellowish brown,yellowish brown,dark,yellowish brown,8YR,1Y,2.5,1.5
78,1.4,dark yellowish brown,yellowish brown,dark,yellowish brown,8YR,1Y,2.5,3.5
78,1.5,dark yellowish brown,yellowish brown,dark,yellowish brown,8YR,1Y,5,3.5
78,1.6,dark yellowish brown,yellowish brown,dark,yellowish brown,8YR,1Y,5,0
79,1.1,light grayish yellowish brown,yellowish brown,pale,yellowish brown,8YR,1Y,1.2,5.5
79,1.2,light grayish yellowish brown,yellowish brown,pale,yellowish brown,8YR,1Y,1.2,6.5
79,1.3,light grayish yellowish brown,yellowish brown,pale,yellowish brown,8YR,1Y,2,6.5
79,1.4,light grayish yellowish brown,yellowish brown,pale,yellowish brown,8YR,1Y,2,7.5
79,1.5,light grayish yellowish brown,yellowish brown,pale,yellowish brown,8YR,1Y,3,7.5
79,1.6,light grayish yellowish brown,yellowish brown,pale,yellowish brown,8YR,1Y,3,5.5
80,1.1,grayish yellowish brown,yellowish brown,grayish,yellowish brown,8YR,1Y,1.2,3.5
80,1.2,grayish yellowish brown,yellowish brown,grayish,yellowish brown,8YR,1Y,1.2,5.5
80,1.3,grayish yellowish brown,yellowish brown,grayish,yellowish brown,8YR,1Y,3,5.5
80,1.4,grayish yellowish brown,yellowish brown,grayish,yellowish brown,8YR,1Y,3,4.5
80,1.5,grayish yellowish brown,yellowish brown,grayish,yellowish brown,8YR,1Y,2.5,4.5
80,1.6,grayish yellowish brown,yellowish brown,grayish,yellowish brown,8YR,1Y,2.5,3.5
81,1.1,dark grayish yellowish brown,yellowish brown,dark grayish,yellowish brown,8YR,1Y,0.5,1.5
81,1.2,dark grayish yellowish brown,yellowish brown,dark grayish,yellowish brown,8YR,1Y,0.5,2.5
81,1.3,dark grayish yellowish brown,yellowish brown,dark grayish,yellowish brown,8YR,1Y,1.2,2.5
81,1.4,dark grayish yellowish brown,yellowish brown,dark grayish,yellowish brown,8YR,1Y,1.2,3.5
81,1.5,dark grayish yellowish brown,yellowish brown,dark grayish,yellowish brown,8YR,1Y,2.5,3.5
81,1.6,dark grayish yellowish brown,yellowish brown,dark grayish,yellowish brown,8YR,1Y,2.5,1.5
82,1.1,vivid yellow,yellow,vivid,yellow,1Y,7Y,11,5.5
82,1.2,vivid yellow,yellow,vivid,yellow,1Y,7Y,11,10
82,1.3,vivid yellow,yellow,vivid,yellow,1Y,7Y,50,10
82,1.4,vivid yellow,yellow,vivid,yellow,1Y,7Y,50,5.5
83,1.1,brilliant yellow,yellow,brilliant,yellow,1Y,7Y,8,8
83,1.2,brilliant yellow,yellow,brilliant,yellow,1Y,7Y,8,10
83,1.3,brilliant yellow,yellow,brilliant,yellow,1Y,7Y,11,10
83,1.4,brilliant yellow,yellow,brilliant,yellow,1Y,7Y,11,8
84,1.1,strong yellow,yellow,strong,yellow,1Y,7Y,8,6.5
84,1.2,strong yellow,yellow,strong,yellow,1Y,7Y,8,8
84,1.3,strong yellow,yellow,strong,yellow,1Y,7Y,11,8
84,1.4,strong yellow,yellow,strong,yellow,1Y,7Y,11,6.5
85,1.1,deep yellow,yellow,deep,yellow,1Y,7Y,8,5.5
85,1.2,deep yellow,yellow,deep,yellow,1Y,7Y,8,6.5
85,1.3,deep yellow,yellow,deep,yellow,1Y,7Y,11,6.5
85,1.4,deep yellow,yellow,deep,yellow,1Y,7Y,11,5.5
86,1.2,light yellow,yellow,light,yellow,1Y,7Y,5,8
86,1.3,light yellow,yellow,light,yellow,1Y,7Y,5,10
86,1.4,light yellow,yellow,light,yellow,1Y,7Y,8,10
86,1.5,light yellow,yellow,light,yellow,1Y,7Y,8,8
87,1.1,moderate yellow,yellow,moderate,yellow,1Y,7Y,5,6.5
87,1.2,moderate yellow,yellow,moderate,yellow,1Y,7Y,5,8
87,1.3,moderate yellow,yellow,moderate,yellow,1Y,7Y,8,8
87,1.4,moderate yellow,yellow,moderate,yellow,1Y,7Y,8,6.5
88,1.1,dark yellow,yellow,dark,yellow,1Y,7Y,5,5.5
88,1.2,dark yellow,yellow,dark,yellow,1Y,7Y,5,6.5
88,1.3,dark yellow,yellow,dark,yellow,1Y,7Y,8,6.5
88,1.4,dark yellow,yellow,dark,yellow,1Y,7Y,8,5.5
89,1.1,pale yellow,yellow,pale,yellow,1Y,7Y,2,8
89,1.2,pale yellow,yellow,pale,yellow,1Y,7Y,2,10
89,1.3,pale yellow,yellow,pale,yellow,1Y,7Y,5,10
89,1.4,pale yellow,yellow,pale,yellow,1Y,7Y,5,8
89,2.1,pale yellow,yellow,pale,yellow,7Y,9Y,2,8
89,2.2,pale yellow,yellow,pale,yellow,7Y,9Y,2,10
89,2.3,pale yellow,yellow,pale,yellow,7Y,9Y,3,10
89,2.4,pale yellow,yellow,pale,yellow,7Y,9Y,3,8
90,1.1,grayish yellow,yellow,grayish,yellow,1Y,7Y,2,6.5
90,1.2,grayish yellow,yellow,grayish,yellow,1Y,7Y,2,8
90,1.3,grayish yellow,yellow,grayish,yellow,1Y,7Y,5,8
90,1.4,grayish yellow,yellow,grayish,yellow,1Y,7Y,5,6.5
90,2.1,grayish yellow,yellow,grayish,yellow,7Y,9Y,2,6.5
90,2.2,grayish yellow,yellow,grayish,yellow,7Y,9Y,2,8
90,2.3,grayish yellow,yellow,grayish,yellow,7Y,9Y,3,8
90,2.4,grayish yellow,yellow,grayish,yellow,7Y,9Y,3,6.5
91,1.1,dark grayish yellow,yellow,dark grayish,yellow,1Y,7Y,3,5.5
91,1.2,dark grayish yellow,yellow,dark grayish,yellow,1Y,7Y,3,6.5
91,1.3,dark grayish yellow,yellow,dark grayish,yellow,1Y,7Y,5,6.5
91,1.4,dark grayish yellow,yellow,dark grayish,yellow,1Y,7Y,5,5.5
92,1.1,yellowish white,yellow,-ish white,yellow,7YR,8YR,0.7,8.5
92,1.2,yellowish white,yellow,-ish white,yellow,7YR,8YR,0.7,10
92,1.3,yellowish white,yellow,-ish white,yellow,7YR,8YR,1.2,10
92,1.4,yellowish white,yellow,-ish white,yellow,7YR,8YR,1.2,8.5
92,2.1,yellowish white,yellow,-ish white,yellow,8YR,9Y,0.7,8.5
92,2.2,yellowish white,yellow,-ish white,yellow,8YR,9Y,0.7,10
92,2.3,yellowish white,yellow,-ish white,yellow,8YR,9Y,2,10
92,2.4,yellowish white,yellow,-ish white,yellow,8YR,9Y,2,8.5
92,3.1,yellowish white,yellow,-ish white,yellow,9Y,4GY,0.5,8.5
92,3.2,yellowish white,yellow,-ish white,yellow,9Y,4GY,0.5,10
92,3.3,yellowish white,yellow,-ish white,yellow,9Y,4GY,1.2,10
92,3.4,yellowish white,yellow,-ish white,yellow,9Y,4GY,1.2,8.5
93,1.1,yellowish gray,yellow,-ish gray,yellow,7YR,8YR,0.7,6.5
93,1.2,yellowish gray,yellow,-ish gray,yellow,7YR,8YR,0.7,8.5
93,1.3,yellowish gray,yellow,-ish gray,yellow,7YR,8YR,1.2,8.5
93,1.4,yellowish gray,yellow,-ish gray,yellow,7YR,8YR,1.2,6.5
93,2.1,yellowish gray,yellow,-ish gray,yellow,8YR,9Y,0.7,6.5
93,2.2,yellowish gray,yellow,-ish gray,yellow,8YR,9Y,0.7,8.5
93,2.3,yellowish gray,yellow,-ish gray,yellow,8YR,9Y,2,8.5
93,2.4,yellowish gray,yellow,-ish gray,yellow,8YR,9Y,2,6.5
93,3.1,yellowish gray,yellow,-ish gray,yellow,9Y,4GY,0.5,6.5
93,3.2,yellowish gray,yellow,-ish gray,yellow,9Y,4GY,0.5,8.5
93,3.3,yellowish gray,yellow,-ish gray,yellow,9Y,4GY,1.2,8.5
93,3.4,yellowish gray,yellow,-ish gray,yellow,9Y,4GY,1.2,6.5
94,1.1,light olive brown,olive brown,light,olive brown,1Y,4Y,1.2,4.5
94,1.2,light olive brown,olive brown,light,olive brown,1Y,4Y,1.2,6.5
94,1.3,light olive brown,olive brown,light,olive brown,1Y,4Y,3,6.5
94,1.4,light olive brown,olive brown,light,olive brown,1Y,4Y,3,5.5
94,1.5,light olive brown,olive brown,light,olive brown,1Y,4Y,50,5.5
94,1.6,light olive brown,olive brown,light,olive brown,1Y,4Y,50,4.5
95,1.1,moderate olive brown,olive brown,moderate,olive brown,1Y,4Y,1.2,2.5
95,1.2,moderate olive brown,olive brown,moderate,olive brown,1Y,4Y,1.2,4.5
95,1.3,moderate olive brown,olive brown,moderate,olive brown,1Y,4Y,50,4.5
95,1.4,moderate olive brown,olive brown,moderate,olive brown,1Y,4Y,50,2.5
96,1.1,dark olive brown,olive brown,dark,olive brown,1Y,4Y,1,0
96,1.2,dark olive brown,olive brown,dark,olive brown,1Y,4Y,1,1.5
96,1.3,dark olive brown,olive brown,dark,olive brown,1Y,4Y,0.5,1.5
96,1.4,dark olive brown,olive brown,dark,olive brown,1Y,4Y,0.5,2.5
96,1.5,dark olive brown,olive brown,dark,olive brown,1Y,4Y,50,2.5
96,1.6,dark olive brown,olive brown,dark,olive brown,1Y,4Y,50,0
97,1.1,vivid greenish yellow,greenish yellow,vivid,greenish yellow,7Y,2GY,11,5.5
97,1.2,vivid greenish yellow,greenish yellow,vivid,greenish yellow,7Y,2GY,11,10
97,1.3,vivid greenish yellow,greenish yellow,vivid,greenish yellow,7Y,2GY,50,10
97,1.4,vivid greenish yellow,greenish yellow,vivid,greenish yellow,7Y,2GY,50,5.5
98,1.1,brilliant greenish yellow,greenish yellow,brilliant,greenish yellow,7Y,2GY,8,8
98,1.2,brilliant greenish yellow,greenish yellow,brilliant,greenish yellow,7Y,2GY,8,10
98,1.3,brilliant greenish yellow,greenish yellow,brilliant,greenish yellow,7Y,2GY,11,10
98,1.4,brilliant greenish yellow,greenish yellow,brilliant,greenish yellow,7Y,2GY,11,8
99,1.1,strong greenish yellow,greenish yellow,strong,greenish yellow,7Y,2GY,8,6.5
99,1.2,strong greenish yellow,greenish yellow,strong,greenish yellow,7Y,2GY,8,8
99,1.3,strong greenish yellow,greenish yellow,strong,greenish yellow,7Y,2GY,11,8
99,1.4,strong greenish yellow,greenish yellow,strong,greenish yellow,7Y,2GY,11,6.5
100,1.1,deep greenish yellow,greenish yellow,deep,greenish yellow,7Y,2GY,8,5.5
100,1.2,deep greenish yellow,greenish yellow,deep,greenish yellow,7Y,2GY,8,6.5
100,1.3,deep greenish yellow,greenish yellow,deep,greenish yellow,7Y,2GY,11,6.5
100,1.4,deep greenish yellow,greenish yellow,deep,greenish yellow,7Y,2GY,11,5.5
101,1.1,light greenish yellow,greenish yellow,light,greenish yellow,7Y,2GY,5,8
101,1.2,light greenish yellow,greenish yellow,light,greenish yellow,7Y,2GY,5,10
101,1.3,light greenish yellow,greenish yellow,light,greenish yellow,7Y,2GY,8,10
101,1.4,light greenish yellow,greenish yellow,light,greenish yellow,7Y,2GY,8,8
102,1.1,moderate greenish yellow,greenish yellow,moderate,greenish yellow,7Y,2GY,5,6.5
102,1.2,moderate greenish yellow,greenish yellow,moderate,greenish yellow,7Y,2GY,5,8
102,1.3,moderate greenish yellow,greenish yellow,moderate,greenish yellow,7Y,2GY,8,8
102,1.4,moderate greenish yellow,greenish yellow,moderate,greenish yellow,7Y,2GY,8,6.5
103,1.1,dark greenish yellow,greenish yellow,dark,greenish yellow,7Y,2GY,5,5.5
103,1.2,dark greenish yellow,greenish yellow,dark,greenish yellow,7Y,2GY,5,6.5
103,1.3,dark greenish yellow,greenish yellow,dark,greenish yellow,7Y,2GY,8,6.5
103,1.4,dark greenish yellow,greenish yellow,dark,greenish yellow,7Y,2GY,8,5.5
104,1.1,pale greenish yellow,greenish yellow,pale,greenish yellow,7Y,2GY,3,8
104,1.2,pale greenish yellow,greenish yellow,pale,greenish yellow,7Y,2GY,3,10
104,1.3,pale greenish yellow,greenish yellow,pale,greenish yellow,7Y,2GY,5,10
104,1.4,pale greenish yellow,greenish yellow,pale,greenish yellow,7Y,2GY,5,8
105,1.1,grayish greenish yellow,greenish yellow,grayish,greenish yellow,7Y,2GY,3,6.5
105,1.2,grayish greenish yellow,greenish yellow,grayish,greenish yellow,7Y,2GY,3,8
105,1.3,grayish greenish yellow,greenish yellow,grayish,greenish yellow,7Y,2GY,5,8
105,1.4,grayish greenish yellow,greenish yellow,grayish,greenish yellow,7Y,2GY,5,6.5
106,1.1,light olive,olive,light,olive,4Y,7Y,3,4.5
106,1.2,light olive,olive,light,olive,4Y,7Y,3,5.5
106,1.3,light olive,olive,light,olive,4Y,7Y,50,5.5
106,1.4,light olive,olive,light,olive,4Y,7Y,50,4.5
106,2.1,light olive,olive,light,olive,7Y,2GY,3,4.5
106,2.2,light olive,olive,light,olive,7Y,2GY,3,6.5
106,2.3,light olive,olive,light,olive,7Y,2GY,5,6.5
106,2.4,light olive,olive,light,olive,7Y,2GY,5,5.5
106,2.5,light olive,olive,light,olive,7Y,2GY,50,5.5
106,2.6,light olive,olive,light,olive,7Y,2GY,50,4.5
107,1.1,moderate olive,olive,moderate,olive,4Y,2GY,3,2.5
107,1.2,moderate olive,olive,moderate,olive,4Y,2GY,3,4.5
107,1.3,moderate olive,olive,moderate,olive,4Y,2GY,50,4.5
107,1.4,moderate olive,olive,moderate,olive,4Y,2GY,50,2.5
108,1.1,dark olive,olive,dark,olive,4Y,2GY,1,0
108,1.2,dark olive,olive,dark,olive,4Y,2GY,1,1.5
108,1.3,dark olive,olive,dark,olive,4Y,2GY,3,1.5
108,1.4,dark olive,olive,dark,olive,4Y,2GY,3,2.5
108,1.5,dark olive,olive,dark,olive,4Y,2GY,50,2.5
108,1.6,dark olive,olive,dark,olive,4Y,2GY,50,0
109,1.1,light grayish olive,olive,pale,olive,4Y,9Y,2,4.5
109,1.2,light grayish olive,olive,pale,olive,4Y,9Y,2,6.5
109,1.3,light grayish olive,olive,pale,olive,4Y,9Y,3,6.5
109,1.4,light grayish olive,olive,pale,olive,4Y,9Y,3,4.5
109,2.1,light grayish olive,olive,pale,olive,9Y,2GY,1.2,4.5
109,2.2,light grayish olive,olive,pale,olive,9Y,2GY,1.2,6.5
109,2.3,light grayish olive,olive,pale,olive,9Y,2GY,3,6.5
109,2.4,light grayish olive,olive,pale,olive,9Y,2GY,3,4.5
110,1.1,grayish olive,olive,grayish,olive,4Y,9Y,1.5,2.5
110,1.2,grayish olive,olive,grayish,olive,4Y,9Y,1.5,4.5
110,1.3,grayish olive,olive,grayish,olive,4Y,9Y,3,4.5
110,1.4,grayish olive,olive,grayish,olive,4Y,9Y,3,2.5
110,2.1,grayish olive,olive,grayish,olive,9Y,2GY,1.2,2.5
110,2.2,grayish olive,olive,grayish,olive,9Y,2GY,1.2,4.5
110,2.3,grayish olive,olive,grayish,olive,9Y,2GY,3,4.5
110,2.4,grayish olive,olive,grayish,olive,9Y,2GY,3,2.5
111,1.1,dark grayish olive,olive,dark grayish,olive,4Y,2GY,0.5,1.5
111,1.2,dark grayish olive,olive,dark grayish,olive,4Y,2GY,0.5,2.5
111,1.3,dark grayish olive,olive,dark grayish,olive,4Y,2GY,3,2.5
111,1.4,dark grayish olive,olive,dark grayish,olive,4Y,2GY,3,1.5
112,1.1,light olive gray,olive,light -ish gray,olive,4Y,9Y,0.7,4.5
112,1.2,light olive gray,olive,light -ish gray,olive,4Y,9Y,0.7,6.5
112,1.3,light olive gray,olive,light -ish gray,olive,4Y,9Y,2,6.5
112,1.4,light olive gray,olive,light -ish gray,olive,4Y,9Y,2,4.5
112,2.1,light olive gray,olive,light -ish gray,olive,9Y,4GY,0.5,4.5
112,2.2,light olive gray,olive,light -ish gray,olive,9Y,4GY,0.5,6.5
112,2.3,light olive gray,olive,light -ish gray,olive,9Y,4GY,1.2,6.5
112,2.4,light olive gray,olive,light -ish gray,olive,9Y,4GY,1.2,4.5
113,1.1,olive gray,olive,-ish gray,olive,4Y,9Y,0.5,2.5
113,1.2,olive gray,olive,-ish gray,olive,4Y,9Y,0.5,4.5
113,1.3,olive gray,olive,-ish gray,olive,4Y,9Y,1.5,4.5
113,1.4,olive gray,olive,-ish gray,olive,4Y,9Y,1.5,2.5
113,2.1,olive gray,olive,-ish gray,olive,9Y,4GY,0.5,2.5
113,2.2,olive gray,olive,-ish gray,olive,9Y,4GY,0.5,4.5
113,2.3,olive gray,olive,-ish gray,olive,9Y,4GY,1.2,4.5
113,2.4,olive gray,olive,-ish gray,olive,9Y,4GY,1.2,2.5
114,1.1,olive black,olive,-ish black,olive,4Y,4GY,0.5,0
114,1.2,olive black,olive,-ish black,olive,4Y,4GY,0.5,1.5
114,1.3,olive black,olive,-ish black,olive,4Y,4GY,1,1.5
114,1.4,olive black,olive,-ish black,olive,4Y,4GY,1,0
115,1.1,vivid yellow green,yellow green,vivid,chartreuse,2GY,8GY,11,3.5
115,1.2,vivid yellow green,yellow green,vivid,chartreuse,2GY,8GY,11,10
115,1.3,vivid yellow green,yellow green,vivid,chartreuse,2GY,8GY,50,10
115,1.4,vivid yellow green,yellow green,vivid,chartreuse,2GY,8GY,50,3.5
116,1.1,brilliant yellow green,yellow green,brilliant,chartreuse,2GY,8GY,7,7.5
116,1.2,brilliant yellow green,yellow green,brilliant,chartreuse,2GY,8GY,7,10
116,1.3,brilliant yellow green,yellow green,brilliant,chartreuse,2GY,8GY,11,10
116,1.4,brilliant yellow green,yellow green,brilliant,chartreuse,2GY,8GY,11,7.5
117,1.1,strong yellow green,yellow green,strong,chartreuse,2GY,8GY,7,4.5
117,1.2,strong yellow green,yellow green,strong,chartreuse,2GY,8GY,7,7.5
117,1.3,strong yellow green,yellow green,strong,chartreuse,2GY,8GY,11,7.5
117,1.4,strong yellow green,yellow green,strong,chartreuse,2GY,8GY,11,4.5
118,1.1,deep yellow green,yellow green,deep,chartreuse,2GY,8GY,7,3.5
118,1.2,deep yellow green,yellow green,deep,chartreuse,2GY,8GY,7,4.5
118,1.3,deep yellow green,yellow green,deep,chartreuse,2GY,8GY,11,4.5
118,1.4,deep yellow green,yellow green,deep,chartreuse,2GY,8GY,11,3.5
119,1.1,light yellow green,yellow green,light,chartreuse,2GY,8GY,3,7.5
119,1.2,light yellow green,yellow green,light,chartreuse,2GY,8GY,3,10
119,1.3,light yellow green,yellow green,light,chartreuse,2GY,8GY,7,10
119,1.4,light yellow green,yellow green,light,chartreuse,2GY,8GY,7,7.5
120,1.1,moderate yellow green,yellow green,moderate,chartreuse,2GY,8GY,3,4.5
120,1.2,moderate yellow green,yellow green,moderate,chartreuse,2GY,8GY,3,7.5
120,1.3,moderate yellow green,yellow green,moderate,chartreuse,2GY,8GY,7,7.5
120,1.4,moderate yellow green,yellow green,moderate,chartreuse,2GY,8GY,7,4.5
121,1.1,pale yellow green,yellow green,pale,chartreuse,9Y,8GY,1.2,7.5
121,1.2,pale yellow green,yellow green,pale,chartreuse,9Y,8GY,1.2,10
121,1.3,pale yellow green,yellow green,pale,chartreuse,9Y,8GY,3,10
121,1.4,pale yellow green,yellow green,pale,chartreuse,9Y,8GY,3,7.5
122,1.1,grayish yellow green,yellow green,grayish,chartreuse,9Y,2GY,1.2,6.5
122,1.2,grayish yellow green,yellow green,grayish,chartreuse,9Y,2GY,1.2,7.5
122,1.3,grayish yellow green,yellow green,grayish,chartreuse,9Y,2GY,3,7.5
122,1.4,grayish yellow green,yellow green,grayish,chartreuse,9Y,2GY,3,6.5
122,2.1,grayish yellow green,yellow green,grayish,chartreuse,2GY,8GY,1.2,4.5
122,2.2,grayish yellow green,yellow green,grayish,chartreuse,2GY,8GY,1.2,7.5
122,2.3,grayish yellow green,yellow green,grayish,chartreuse,2GY,8GY,3,7.5
122,2.4,grayish yellow green,yellow green,grayish,chartreuse,2GY,8GY,3,4.5
123,1.1,strong olive green,olive green,strong,olive green,2GY,8GY,7,2.5
123,1.2,strong olive green,olive green,strong,olive green,2GY,8GY,7,3.5
123,1.3,strong olive green,olive green,strong,olive green,2GY,8GY,50,3.5
123,1.4,strong olive green,olive green,strong,olive green,2GY,8GY,50,2.5
124,1.1,deep olive green,olive green,deep,olive green,2GY,8GY,7,0
124,1.2,deep olive green,olive green,deep,olive green,2GY,8GY,7,2.5
124,1.3,deep olive green,olive green,deep,olive green,2GY,8GY,50,2.5
124,1.4,deep olive green,olive green,deep,olive green,2GY,8GY,50,0
125,1.1,moderate olive green,olive green,moderate,olive green,2GY,8GY,3,2.5
125,1.2,moderate olive green,olive green,moderate,olive green,2GY,8GY,3,4.5
125,1.3,moderate olive green,olive green,moderate,olive green,2GY,8GY,7,4.5
125,1.4,moderate olive green,olive green,moderate,olive green,2GY,8GY,7,2.5
126,1.1,dark olive green,olive green,dark,olive green,2GY,8GY,1,0
126,1.2,dark olive green,olive green,dark,olive green,2GY,8GY,1,1.5
126,1.3,dark olive green,olive green,dark,olive green,2GY,8GY,3,1.5
126,1.4,dark olive green,olive green,dark,olive green,2GY,8GY,3,2.5
126,1.5,dark olive green,olive green,dark,olive green,2GY,8GY,7,2.5
126,1.6,dark olive green,olive green,dark,olive green,2GY,8GY,7,0
127,1.1,grayish olive green,olive green,grayish,olive green,2GY,8GY,1.2,2.5
127,1.2,grayish olive green,olive green,grayish,olive green,2GY,8GY,1.2,4.5
127,1.3,grayish olive green,olive green,grayish,olive green,2GY,8GY,3,4.5
127,1.4,grayish olive green,olive green,grayish,olive green,2GY,8GY,3,2.5
128,1.1,dark grayish olive green,olive green,dark grayish,olive green,2GY,8GY,0.5,1.5
128,1.2,dark grayish olive green,olive green,dark grayish,olive green,2GY,8GY,0.5,2.5
128,1.3,dark grayish olive green,olive green,dark grayish,olive green,2GY,8GY,3,2.5
128,1.4,dark grayish olive green,olive green,dark grayish,olive green,2GY,8GY,3,1.5
129,1.1,vivid yellowish green,yellowish green,vivid,yellowish green,8GY,3G,11,4.5
129,1.2,vivid yellowish green,yellowish green,vivid,yellowish green,8GY,3G,11,10
129,1.3,vivid yellowish green,yellowish green,vivid,yellowish green,8GY,3G,50,10
129,1.4,vivid yellowish green,yellowish green,vivid,yellowish green,8GY,3G,50,4.5
130,1.1,brilliant yellowish green,yellowish green,brilliant,yellowish green,8GY,3G,7,6.5
130,1.2,brilliant yellowish green,yellowish green,brilliant,yellowish green,8GY,3G,7,10
130,1.3,brilliant yellowish green,yellowish green,brilliant,yellowish green,8GY,3G,11,10
130,1.4,brilliant yellowish green,yellowish green,brilliant,yellowish green,8GY,3G,11,6.5
131,1.1,strong yellowish green,yellowish green,strong,yellowish green,8GY,3G,7,4.5
131,1.2,strong yellowish green,yellowish green,strong,yellowish green,8GY,3G,7,6.5
131,1.3,strong yellowish green,yellowish green,strong,yellowish green,8GY,3G,11,6.5
131,1.4,strong yellowish green,yellowish green,strong,yellowish green,8GY,3G,11,4.5
132,1.1,deep yellowish green,yellowish green,deep,yellowish green,8GY,3G,7,2.5
132,1.2,deep yellowish green,yellowish green,deep,yellowish green,8GY,3G,7,4.5
132,1.3,deep yellowish green,yellowish green,deep,yellowish green,8GY,3G,50,4.5
132,1.4,deep yellowish green,yellowish green,deep,yellowish green,8GY,3G,50,2.5
133,1.1,very deep yellowish green,yellowish green,very deep,yellowish green,8GY,3G,7,0
133,1.2,very deep yellowish green,yellowish green,very deep,yellowish green,8GY,3G,7,2.5
133,1.3,very deep yellowish green,yellowish green,very deep,yellowish green,8GY,3G,50,2.5
133,1.4,very deep yellowish green,yellowish green,very deep,yellowish green,8GY,3G,50,0
134,1.1,very light yellowish green,yellowish green,very light,yellowish green,8GY,3G,2.5,8.5
134,1.2,very light yellowish green,yellowish green,very light,yellowish green,8GY,3G,2.5,10
134,1.3,very light yellowish green,yellowish green,very light,yellowish green,8GY,3G,7,10
134,1.4,very light yellowish green,yellowish green,very light,yellowish green,8GY,3G,7,8.5
135,1.1,light yellowish green,yellowish green,light,yellowish green,8GY,3G,2.5,6.5
135,1.2,light yellowish green,yellowish green,light,yellowish green,8GY,3G,2.5,8.5
135,1.3,light yellowish green,yellowish green,light,yellowish green,8GY,3G,7,8.5
135,1.4,light yellowish green,yellowish green,light,yellowish green,8GY,3G,7,6.5
136,1.1,moderate yellowish green,yellowish green,moderate,yellowish green,8GY,3G,2.5,4.5
136,1.2,moderate yellowish green,yellowish green,moderate,yellowish green,8GY,3G,2.5,6.5
136,1.3,moderate yellowish green,yellowish green,moderate,yellowish green,8GY,3G,7,6.5
136,1.4,moderate yellowish green,yellowish green,moderate,yellowish green,8GY,3G,7,4.5
137,1.1,dark yellowish green,yellowish green,dark,yellowish green,8GY,3G,2.5,2.5
137,1.2,dark yellowish green,yellowish green,dark,yellowish green,8GY,3G,2.5,4.5
137,1.3,dark yellowish green,yellowish green,dark,yellowish green,8GY,3G,7,4.5
137,1.4,dark yellowish green,yellowish green,dark,yellowish green,8GY,3G,7,2.5
138,1.1,very dark yellowish green,yellowish green,very dark,yellowish green,8GY,3G,2,0
138,1.2,very dark yellowish green,yellowish green,very dark,yellowish green,8GY,3G,2,2.5
138,1.3,very dark yellowish green,yellowish green,very dark,yellowish green,8GY,3G,7,2.5
138,1.4,very dark yellowish green,yellowish green,very dark,yellowish green,8GY,3G,7,0
139,1.1,vivid green,green,vivid,green,3G,9G,11,0
139,1.2,vivid green,green,vivid,green,3G,9G,11,10
139,1.3,vivid green,green,vivid,green,3G,9G,50,10
139,1.4,vivid green,green,vivid,green,3G,9G,50,0
140,1.1,brilliant green,green,brilliant,green,3G,9G,7,5.5
140,1.2,brilliant green,green,brilliant,green,3G,9G,7,10
140,1.3,brilliant green,green,brilliant,green,3G,9G,11,10
140,1.4,brilliant green,green,brilliant,green,3G,9G,11,5.5
141,1.1,strong green,green,strong,green,3G,9G,7,3.5
141,1.2,strong green,green,strong,green,3G,9G,7,5.5
141,1.3,strong green,green,strong,green,3G,9G,11,5.5
141,1.4,strong green,green,strong,green,3G,9G,11,3.5
142,1.1,deep green,green,deep,green,3G,9G,7,0
142,1.2,deep green,green,deep,green,3G,9G,7,3.5
142,1.3,deep green,green,deep,green,3G,9G,11,3.5
142,1.4,deep green,green,deep,green,3G,9G,11,0
143,1.1,very light green,green,very light,green,3G,9G,2.5,7.5
143,1.2,very light green,green,very light,green,3G,9G,2.5,10
143,1.3,very light green,green,very light,green,3G,9G,7,10
143,1.4,very light green,green,very light,green,3G,9G,7,7.5
144,1.1,light green,green,light,green,3G,9G,2.5,5.5
144,1.2,light green,green,light,green,3G,9G,2.5,7.5
144,1.3,light green,green,light,green,3G,9G,7,7.5
144,1.4,light green,green,light,green,3G,9G,7,5.5
145,1.1,moderate green,green,moderate,green,3G,9G,2.5,3.5
145,1.2,moderate green,green,moderate,green,3G,9G,2.5,5.5
145,1.3,moderate green,green,moderate,green,3G,9G,7,5.5
145,1.4,moderate green,green,moderate,green,3G,9G,7,3.5
146,1.1,dark green,green,dark,green,3G,9G,2,2
146,1.2,dark green,green,dark,green,3G,9G,2,2.5
146,1.3,dark green,green,dark,green,3G,9G,2.5,2.5
146,1.4,dark green,green,dark,green,3G,9G,2.5,3.5
146,1.5,dark green,green,dark,green,3G,9G,7,3.5
146,1.6,dark green,green,dark,green,3G,9G,7,2
147,1.1,very dark green,green,very dark,green,3G,9G,2,0
147,1.2,very dark green,green,very dark,green,3G,9G,2,2
147,1.3,very dark green,green,very dark,green,3G,9G,7,2
147,1.4,very dark green,green,very dark,green,3G,9G,7,0
148,1.1,very pale green,green,very pale,green,8GY,10BG,1.2,7.5
148,1.2,very pale green,green,very pale,green,8GY,10BG,1.2,10
148,1.3,very pale green,green,very pale,green,8GY,10BG,2.5,10
148,1.4,very pale green,green,very pale,green,8GY,10BG,2.5,7.5
149,1.1,pale green,green,pale,green,8GY,10BG,1.2,5.5
149,1.2,pale green,green,pale,green,8GY,10BG,1.2,7.5
149,1.3,pale green,green,pale,green,8GY,10BG,2.5,7.5
149,1.4,pale green,green,pale,green,8GY,10BG,2.5,5.5
150,1.1,grayish green,green,grayish,green,8GY,10BG,1.2,3.5
150,1.2,grayish green,green,grayish,green,8GY,10BG,1.2,5.5
150,1.3,grayish green,green,grayish,green,8GY,10BG,2.5,5.5
150,1.4,grayish green,green,grayish,green,8GY,10BG,2.5,3.5
151,1.1,dark grayish green,green,dark grayish,green,8GY,10BG,0.5,2
151,1.2,dark grayish green,green,dark grayish,green,8GY,10BG,0.5,2.5
151,1.3,dark grayish green,green,dark grayish,green,8GY,10BG,1.2,2.5
151,1.4,dark grayish green,green,dark grayish,green,8GY,10BG,1.2,3.5
151,1.5,dark grayish green,green,dark grayish,green,8GY,10BG,2.5,3.5
151,1.6,dark grayish green,green,dark grayish,green,8GY,10BG,2.5,2.5
151,1.7,dark grayish green,green,dark grayish,green,8GY,10BG,2,2.5
151,1.8,dark grayish green,green,dark grayish,green,8GY,10BG,2,2
152,1.1,blackish green,green,blackish,green,8GY,10BG,1,0
152,1.2,blackish green,green,blackish,green,8GY,10BG,1,2
152,1.3,blackish green,green,blackish,green,8GY,10BG,2,2
152,1.4,blackish green,green,blackish,green,8GY,10BG,2,0
153,1.1,greenish white,green,-ish white,green,4GY,10BG,0.5,8.5
153,1.2,greenish white,green,-ish white,green,4GY,10BG,0.5,10
153,1.3,greenish white,green,-ish white,green,4GY,10BG,1.2,10
153,1.4,greenish white,green,-ish white,green,4GY,10BG,1.2,8.5
154,1.1,light greenish gray,green,light -ish gray,green,4GY,10BG,0.5,6.5
154,1.2,light greenish gray,green,light -ish gray,green,4GY,10BG,0.5,8.5
154,1.3,light greenish gray,green,light -ish gray,green,4GY,10BG,1.2,8.5
154,1.4,light greenish gray,green,light -ish gray,green,4GY,10BG,1.2,6.5
155,1.1,greenish gray,green,-ish gray,green,4GY,10BG,0.5,4.5
155,1.2,greenish gray,green,-ish gray,green,4GY,10BG,0.5,6.5
155,1.3,greenish gray,green,-ish gray,green,4GY,10BG,1.2,6.5
155,1.4,greenish gray,green,-ish gray,green,4GY,10BG,1.2,4.5
156,1.1,dark greenish gray,green,dark -ish gray,green,4GY,10BG,0.5,2.5
156,1.2,dark greenish gray,green,dark -ish gray,green,4GY,10BG,0.5,4.5
156,1.3,dark greenish gray,green,dark -ish gray,green,4GY,10BG,1.2,4.5
156,1.4,dark greenish gray,green,dark -ish gray,green,4GY,10BG,1.2,2.5
157,1.1,greenish black,green,-ish black,green,8GY,10BG,0.5,0
157,1.2,greenish black,green,-ish black,green,8GY,10BG,0.5,2
157,1.3,greenish black,green,-ish black,green,8GY,10BG,1,2
157,1.4,greenish black,green,-ish black,green,8GY,10BG,1,0
158,1.1,vivid bluish green,bluish green,vivid,turquoise,9G,10BG,11,0
158,1.2,vivid bluish green,bluish green,vivid,turquoise,9G,10BG,11,10
158,1.3,vivid bluish green,bluish green,vivid,turquoise,9G,10BG,50,10
158,1.4,vivid bluish green,bluish green,vivid,turquoise,9G,10BG,50,0
159,1.1,brilliant bluish green,bluish green,brilliant,turquoise,9G,10BG,7,5.5
159,1.2,brilliant bluish green,bluish green,brilliant,turquoise,9G,10BG,7,10
159,1.3,brilliant bluish green,bluish green,brilliant,turquoise,9G,10BG,11,10
159,1.4,brilliant bluish green,bluish green,brilliant,turquoise,9G,10BG,11,5.5
160,1.1,strong bluish green,bluish green,strong,turquoise,9G,10BG,7,3.5
160,1.2,strong bluish green,bluish green,strong,turquoise,9G,10BG,7,5.5
160,1.3,strong bluish green,bluish green,strong,turquoise,9G,10BG,11,5.5
160,1.4,strong bluish green,bluish green,strong,turquoise,9G,10BG,11,3.5
161,1.1,deep bluish green,bluish green,deep,turquoise,9G,10BG,7,0
161,1.2,deep bluish green,bluish green,deep,turquoise,9G,10BG,7,3.5
161,1.3,deep bluish green,bluish green,deep,turquoise,9G,10BG,11,3.5
161,1.4,deep bluish green,bluish green,deep,turquoise,9G,10BG,11,0
162,1.1,very light bluish green,bluish green,very light,turquoise,9G,10BG,2.5,7.5
162,1.2,very light bluish green,bluish green,very light,turquoise,9G,10BG,2.5,10
162,1.3,very light bluish green,bluish green,very light,turquoise,9G,10BG,7,10
162,1.4,very light bluish green,bluish green,very light,turquoise,9G,10BG,7,7.5
163,1.1,light bluish green,bluish green,light,turquoise,9G,10BG,2.5,5.5
163,1.2,light bluish green,bluish green,light,turquoise,9G,10BG,2.5,7.5
163,1.3,light bluish green,bluish green,light,turquoise,9G,10BG,7,7.5
163,1.4,light bluish green,bluish green,light,turquoise,9G,10BG,7,5.5
164,1.1,moderate bluish green,bluish green,moderate,turquoise,9G,10BG,2.5,3.5
164,1.2,moderate bluish green,bluish green,moderate,turquoise,9G,10BG,2.5,5.5
164,1.3,moderate bluish green,bluish green,moderate,turquoise,9G,10BG,7,5.5
164,1.4,moderate bluish green,bluish green,moderate,turquoise,9G,10BG,7,3.5
165,1.1,dark bluish green,bluish green,dark,turquoise,9G,10BG,2,2
165,1.2,dark bluish green,bluish green,dark,turquoise,9G,10BG,2,2.5
165,1.3,dark bluish green,bluish green,dark,turquoise,9G,10BG,2.5,2.5
165,1.4,dark bluish green,bluish green,dark,turquoise,9G,10BG,2.5,3.5
165,1.5,dark bluish green,bluish green,dark,turquoise,9G,10BG,7,3.5
165,1.6,dark bluish green,bluish green,dark,turquoise,9G,10BG,7,2
166,1.1,very dark bluish green,bluish green,very dark,turquoise,9G,10BG,2,0
166,1.2,very dark bluish green,bluish green,very dark,turquoise,9G,10BG,2,2
166,1.3,very dark bluish green,bluish green,very dark,turquoise,9G,10BG,7,2
166,1.4,very dark bluish green,bluish green,very dark,turquoise,9G,10BG,7,0
167,1.1,vivid greenish blue,greenish blue,vivid,teal,10BG,9B,11,0
167,1.2,vivid greenish blue,greenish blue,vivid,teal,10BG,9B,11,10
167,1.3,vivid greenish blue,greenish blue,vivid,teal,10BG,9B,50,10
167,1.4,vivid greenish blue,greenish blue,vivid,teal,10BG,9B,50,0
168,1.1,brilliant greenish blue,greenish blue,brilliant,teal,10BG,9B,7,5.5
168,1.2,brilliant greenish blue,greenish blue,brilliant,teal,10BG,9B,7,10
168,1.3,brilliant greenish blue,greenish blue,brilliant,teal,10BG,9B,11,10
168,1.4,brilliant greenish blue,greenish blue,brilliant,teal,10BG,9B,11,5.5
169,1.1,strong greenish blue,greenish blue,strong,teal,10BG,9B,7,3.5
169,1.2,strong greenish blue,greenish blue,strong,teal,10BG,9B,7,5.5
169,1.3,strong greenish blue,greenish blue,strong,teal,10BG,9B,11,5.5
169,1.4,strong greenish blue,greenish blue,strong,teal,10BG,9B,11,3.5
170,1.1,deep greenish blue,greenish blue,deep,teal,10BG,9B,7,0
170,1.2,deep greenish blue,greenish blue,deep,teal,10BG,9B,7,3.5
170,1.3,deep greenish blue,greenish blue,deep,teal,10BG,9B,11,3.5
170,1.4,deep greenish blue,greenish blue,deep,teal,10BG,9B,11,0
171,1.1,very light greenish blue,greenish blue,very light,teal,10BG,9B,3,7.5
171,1.2,very light greenish blue,greenish blue,very light,teal,10BG,9B,3,10
171,1.3,very light greenish blue,greenish blue,very light,teal,10BG,9B,7,10
171,1.4,very light greenish blue,greenish blue,very light,teal,10BG,9B,7,7.5
172,1.1,light greenish blue,greenish blue,light,teal,10BG,9B,3,5.5
172,1.2,light greenish blue,greenish blue,light,teal,10BG,9B,3,7.5
172,1.3,light greenish blue,greenish blue,light,teal,10BG,9B,7,7.5
172,1.4,light greenish blue,greenish blue,light,teal,10BG,9B,7,5.5
173,1.1,moderate greenish blue,greenish blue,moderate,teal,10BG,9B,3,3.5
173,1.2,moderate greenish blue,greenish blue,moderate,teal,10BG,9B,3,5.5
173,1.3,moderate greenish blue,greenish blue,moderate,teal,10BG,9B,7,5.5
173,1.4,moderate greenish blue,greenish blue,moderate,teal,10BG,9B,7,3.5
174,1.1,dark greenish blue,greenish blue,dark,teal,10BG,9B,2,2
174,1.2,dark greenish blue,greenish blue,dark,teal,10BG,9B,2,2.5
174,1.3,dark greenish blue,greenish blue,dark,teal,10BG,9B,3,2.5
174,1.4,dark greenish blue,greenish blue,dark,teal,10BG,9B,3,3.5
174,1.5,dark greenish blue,greenish blue,dark,teal,10BG,9B,7,3.5
174,1.6,dark greenish blue,greenish blue,dark,teal,10BG,9B,7,2
175,1.1,very dark greenish blue,greenish blue,very dark,teal,10BG,9B,2,0
175,1.2,very dark greenish blue,greenish blue,very dark,teal,10BG,9B,2,2
175,1.3,very dark greenish blue,greenish blue,very dark,teal,10BG,9B,7,2
175,1.4,very dark greenish blue,greenish blue,very dark,teal,10BG,9B,7,0
176,1.1,vivid blue,blue,vivid,blue,9B,7PB,11,0
176,1.2,vivid blue,blue,vivid,blue,9B,7PB,11,3
176,1.3,vivid blue,blue,vivid,blue,9B,7PB,13,3
176,1.4,vivid blue,blue,vivid,blue,9B,7PB,13,10
176,1.5,vivid blue,blue,vivid,blue,9B,7PB,50,10
176,1.6,vivid blue,blue,vivid,blue,9B,7PB,50,0
177,1.1,brilliant blue,blue,brilliant,blue,9B,7PB,9,5.5
177,1.2,brilliant blue,blue,brilliant,blue,9B,7PB,9,10
177,1.3,brilliant blue,blue,brilliant,blue,9B,7PB,13,10
177,1.4,brilliant blue,blue,brilliant,blue,9B,7PB,13,5.5
178,1.1,strong blue,blue,strong,blue,9B,7PB,9,3
178,1.2,strong blue,blue,strong,blue,9B,7PB,9,5.5
178,1.3,strong blue,blue,strong,blue,9B,7PB,13,5.5
178,1.4,strong blue,blue,strong,blue,9B,7PB,13,3
179,1.1,deep blue,blue,deep,blue,9B,7PB,7,0
179,1.2,deep blue,blue,deep,blue,9B,7PB,7,3
179,1.3,deep blue,blue,deep,blue,9B,7PB,11,3
179,1.4,deep blue,blue,deep,blue,9B,7PB,11,0
180,1.1,very light blue,blue,very light,blue,9B,5PB,5,7.5
180,1.2,very light blue,blue,very light,blue,9B,5PB,5,10
180,1.3,very light blue,blue,very light,blue,9B,5PB,9,10
180,1.4,very light blue,blue,very light,blue,9B,5PB,9,7.5
180,2.1,very light blue,blue,very light,blue,5PB,7PB,7,7.5
180,2.2,very light blue,blue,very light,blue,5PB,7PB,7,10
180,2.3,very light blue,blue,very light,blue,5PB,7PB,9,10
180,2.4,very light blue,blue,very light,blue,5PB,7PB,9,7.5
181,1.1,light blue,blue,light,blue,9B,5PB,5,5.5
181,1.2,light blue,blue,light,blue,9B,5PB,5,7.5
181,1.3,light blue,blue,light,blue,9B,5PB,9,7.5
181,1.4,light blue,blue,light,blue,9B,5PB,9,5.5
181,2.1,light blue,blue,light,blue,5PB,7PB,7,5.5
181,2.2,light blue,blue,light,blue,5PB,7PB,7,7.5
181,2.3,light blue,blue,light,blue,5PB,7PB,9,7.5
181,2.4,light blue,blue,light,blue,5PB,7PB,9,5.5
182,1.1,moderate blue,blue,moderate,blue,9B,5PB,5,3
182,1.2,moderate blue,blue,moderate,blue,9B,5PB,5,5.5
182,1.3,moderate blue,blue,moderate,blue,9B,5PB,9,5.5
182,1.4,moderate blue,blue,moderate,blue,9B,5PB,9,3
182,2.1,moderate blue,blue,moderate,blue,5PB,7PB,5,3
182,2.2,moderate blue,blue,moderate,blue,5PB,7PB,5,4.5
182,2.3,moderate blue,blue,moderate,blue,5PB,7PB,7,4.5
182,2.4,moderate blue,blue,moderate,blue,5PB,7PB,7,5.5
182,2.5,moderate blue,blue,moderate,blue,5PB,7PB,9,5.5
182,2.6,moderate blue,blue,moderate,blue,5PB,7PB,9,3
183,1.1,dark blue,blue,dark,blue,9B,6PB,2,0
183,1.2,dark blue,blue,dark,blue,9B,6PB,2,2.5
183,1.3,dark blue,blue,dark,blue,9B,6PB,3,2.5
183,1.4,dark blue,blue,dark,blue,9B,6PB,3,3
183,1.5,dark blue,blue,dark,blue,9B,6PB,7,3
183,1.6,dark blue,blue,dark,blue,9B,6PB,7,0
183,2.1,dark blue,blue,dark,blue,6PB,7PB,5,0
183,2.2,dark blue,blue,dark,blue,6PB,7PB,5,3
183,2.3,dark blue,blue,dark,blue,6PB,7PB,7,3
183,2.4,dark blue,blue,dark,blue,6PB,7PB,7,0
184,1.1,very pale blue,blue,very pale,blue,10BG,9B,1.5,7.5
184,1.2,very pale blue,blue,very pale,blue,10BG,9B,1.5,10
184,1.3,very pale blue,blue,very pale,blue,10BG,9B,3,10
184,1.4,very pale blue,blue,very pale,blue,10BG,9B,3,7.5
184,2.1,very pale blue,blue,very pale,blue,9B,5PB,1.5,7.5
184,2.2,very pale blue,blue,very pale,blue,9B,5PB,1.5,10
184,2.3,very pale blue,blue,very pale,blue,9B,5PB,5,10
184,2.4,very pale blue,blue,very pale,blue,9B,5PB,5,7.5
184,3.1,very pale blue,blue,very pale,blue,5PB,9PB,1.5,7.5
184,3.2,very pale blue,blue,very pale,blue,5PB,9PB,1.5,10
184,3.3,very pale blue,blue,very pale,blue,5PB,9PB,3,10
184,3.4,very pale blue,blue,very pale,blue,5PB,9PB,3,7.5
185,1.1,pale blue,blue,pale,blue,10BG,9B,1.5,5.5
185,1.2,pale blue,blue,pale,blue,10BG,9B,1.5,7.5
185,1.3,pale blue,blue,pale,blue,10BG,9B,3,7.5
185,1.4,pale blue,blue,pale,blue,10BG,9B,3,5.5
185,2.1,pale blue,blue,pale,blue,9B,5PB,1.5,5.5
185,2.2,pale blue,blue,pale,blue,9B,5PB,1.5,7.5
185,2.3,pale blue,blue,pale,blue,9B,5PB,5,7.5
185,2.4,pale blue,blue,pale,blue,9B,5PB,5,5.5
185,3.1,pale blue,blue,pale,blue,5PB,9PB,1.5,5.5
185,3.2,pale blue,blue,pale,blue,5PB,9PB,1.5,7.5
185,3.3,pale blue,blue,pale,blue,5PB,9PB,3,7.5
185,3.4,pale blue,blue,pale,blue,5PB,9PB,3,5.5
186,1.1,grayish blue,blue,grayish,blue,10BG,9B,1.5,3
186,1.2,grayish blue,blue,grayish,blue,10BG,9B,1.5,5.5
186,1.3,grayish blue,blue,grayish,blue,10BG,9B,3,5.5
186,1.4,grayish blue,blue,grayish,blue,10BG,9B,3,3
186,2.1,grayish blue,blue,grayish,blue,9B,5PB,1.5,3
186,2.2,grayish blue,blue,grayish,blue,9B,5PB,1.5,5.5
186,2.3,grayish blue,blue,grayish,blue,9B,5PB,5,5.5
186,2.4,grayish blue,blue,grayish,blue,9B,5PB,5,3
186,3.1,grayish blue,blue,grayish,blue,5PB,9PB,1.5,3
186,3.2,grayish blue,blue,grayish,blue,5PB,9PB,1.5,5.5
186,3.3,grayish blue,blue,grayish,blue,5PB,9PB,3,5.5
186,3.4,grayish blue,blue,grayish,blue,5PB,9PB,3,3
187,1.1,dark grayish blue,blue,dark grayish,blue,10BG,9PB,0.5,2
187,1.2,dark grayish blue,blue,dark grayish,blue,10BG,9PB,0.5,2.5
187,1.3,dark grayish blue,blue,dark grayish,blue,10BG,9PB,1.5,2.5
187,1.4,dark grayish blue,blue,dark grayish,blue,10BG,9PB,1.5,3
187,1.5,dark grayish blue,blue,dark grayish,blue,10BG,9PB,3,3
187,1.6,dark grayish blue,blue,dark grayish,blue,10BG,9PB,3,2.5
187,1.7,dark grayish blue,blue,dark grayish,blue,10BG,9PB,2,2.5
187,1.8,dark grayish blue,blue,dark grayish,blue,10BG,9PB,2,2
188,1.1,blackish blue,blue,blackish,blue,10BG,9PB,1,0
188,1.2,blackish blue,blue,blackish,blue,10BG,9PB,1,2
188,1.3,blackish blue,blue,blackish,blue,10BG,9PB,2,2
188,1.4,blackish blue,blue,blackish,blue,10BG,9PB,2,0
189,1.1,bluish white,blue,-ish white,blue,10BG,9PB,0.5,8.5
189,1.2,bluish white,blue,-ish white,blue,10BG,9PB,0.5,10
189,1.3,bluish white,blue,-ish white,blue,10BG,9PB,1.5,10
189,1.4,bluish white,blue,-ish white,blue,10BG,9PB,1.5,8.5
190,1.1,light bluish gray,blue,light -ish gray,blue,10BG,9PB,0.5,6.5
190,1.2,light bluish gray,blue,light -ish gray,blue,10BG,9PB,0.5,8.5
190,1.3,light bluish gray,blue,light -ish gray,blue,10BG,9PB,1.5,8.5
190,1.4,light bluish gray,blue,light -ish gray,blue,10BG,9PB,1.5,6.5
191,1.1,bluish gray,blue,-ish gray,blue,10BG,9PB,0.5,4.5
191,1.2,bluish gray,blue,-ish gray,blue,10BG,9PB,0.5,6.5
191,1.3,bluish gray,blue,-ish gray,blue,10BG,9PB,1.5,6.5
191,1.4,bluish gray,blue,-ish gray,blue,10BG,9PB,1.5,4.5
192,1.1,dark bluish gray,blue,dark -ish gray,blue,10BG,9PB,0.5,2.5
192,1.2,dark bluish gray,blue,dark -ish gray,blue,10BG,9PB,0.5,4.5
192,1.3,dark bluish gray,blue,dark -ish gray,blue,10BG,9PB,1.5,4.5
192,1.4,dark bluish gray,blue,dark -ish gray,blue,10BG,9PB,1.5,2.5
193,1.1,bluish black,blue,-ish black,blue,10BG,9PB,0.5,0
193,1.2,bluish black,blue,-ish black,blue,10BG,9PB,0.5,2
193,1.3,bluish black,blue,-ish black,blue,10BG,9PB,1,2
193,1.4,bluish black,blue,-ish black,blue,10BG,9PB,1,0
194,1.1,vivid purplish blue,purplish blue,vivid,purplish blue,7PB,9PB,11,0
194,1.2,vivid purplish blue,purplish blue,vivid,purplish blue,7PB,9PB,11,3
194,1.3,vivid purplish blue,purplish blue,vivid,purplish blue,7PB,9PB,13,3
194,1.4,vivid purplish blue,purplish blue,vivid,purplish blue,7PB,9PB,13,10
194,1.5,vivid purplish blue,purplish blue,vivid,purplish blue,7PB,9PB,50,10
194,1.6,vivid purplish blue,purplish blue,vivid,purplish blue,7PB,9PB,50,0
195,1.1,brilliant purplish blue,purplish blue,brilliant,purplish blue,7PB,9PB,9,4.5
195,1.2,brilliant purplish blue,purplish blue,brilliant,purplish blue,7PB,9PB,9,10
195,1.3,brilliant purplish blue,purplish blue,brilliant,purplish blue,7PB,9PB,13,10
195,1.4,brilliant purplish blue,purplish blue,brilliant,purplish blue,7PB,9PB,13,5.5
195,1.5,brilliant purplish blue,purplish blue,brilliant,purplish blue,7PB,9PB,11,5.5
195,1.6,brilliant purplish blue,purplish blue,brilliant,purplish blue,7PB,9PB,11,4.5
196,1.1,strong purplish blue,purplish blue,strong,purplish blue,7PB,9PB,9,3
196,1.2,strong purplish blue,purplish blue,strong,purplish blue,7PB,9PB,9,4.5
196,1.3,strong purplish blue,purplish blue,strong,purplish blue,7PB,9PB,11,4.5
196,1.4,strong purplish blue,purplish blue,strong,purplish blue,7PB,9PB,11,5.5
196,1.5,strong purplish blue,purplish blue,strong,purplish blue,7PB,9PB,13,5.5
196,1.6,strong purplish blue,purplish blue,strong,purplish blue,7PB,9PB,13,3
197,1.1,deep purplish blue,purplish blue,deep,purplish blue,7PB,9PB,7,0
197,1.2,deep purplish blue,purplish blue,deep,purplish blue,7PB,9PB,7,3
197,1.3,deep purplish blue,purplish blue,deep,purplish blue,7PB,9PB,11,3
197,1.4,deep purplish blue,purplish blue,deep,purplish blue,7PB,9PB,11,0
198,1.1,very light purplish blue,purplish blue,very light,purplish blue,5PB,7PB,5,7.5
198,1.2,very light purplish blue,purplish blue,very light,purplish blue,5PB,7PB,5,10
198,1.3,very light purplish blue,purplish blue,very light,purplish blue,5PB,7PB,7,10
198,1.4,very light purplish blue,purplish blue,very light,purplish blue,5PB,7PB,7,7.5
198,2.1,very light purplish blue,purplish blue,very light,purplish blue,7PB,9PB,5,7.5
198,2.2,very light purplish blue,purplish blue,very light,purplish blue,7PB,9PB,5,10
198,2.3,very light purplish blue,purplish blue,very light,purplish blue,7PB,9PB,9,10
198,2.4,very light purplish blue,purplish blue,very light,purplish blue,7PB,9PB,9,7.5
199,1.1,light purplish blue,purplish blue,light,purplish blue,5PB,7PB,5,4.5
199,1.2,light purplish blue,purplish blue,light,purplish blue,5PB,7PB,5,7.5
199,1.3,light purplish blue,purplish blue,light,purplish blue,5PB,7PB,7,7.5
199,1.4,light purplish blue,purplish blue,light,purplish blue,5PB,7PB,7,4.5
199,2.1,light purplish blue,purplish blue,light,purplish blue,7PB,9PB,5,4.5
199,2.2,light purplish blue,purplish blue,light,purplish blue,7PB,9PB,5,7.5
199,2.3,light purplish blue,purplish blue,light,purplish blue,7PB,9PB,9,7.5
199,2.4,light purplish blue,purplish blue,light,purplish blue,7PB,9PB,9,4.5
200,1.1,moderate purplish blue,purplish blue,moderate,purplish blue,7PB,9PB,5,2
200,1.2,moderate purplish blue,purplish blue,moderate,purplish blue,7PB,9PB,5,4.5
200,1.3,moderate purplish blue,purplish blue,moderate,purplish blue,7PB,9PB,9,4.5
200,1.4,moderate purplish blue,purplish blue,moderate,purplish blue,7PB,9PB,9,3
200,1.5,moderate purplish blue,purplish blue,moderate,purplish blue,7PB,9PB,7,3
200,1.6,moderate purplish blue,purplish blue,moderate,purplish blue,7PB,9PB,7,2
201,1.1,dark purplish blue,purplish blue,dark,purplish blue,6PB,7PB,2,0
201,1.2,dark purplish blue,purplish blue,dark,purplish blue,6PB,7PB,2,2
201,1.3,dark purplish blue,purplish blue,dark,purplish blue,6PB,7PB,5,2
201,1.4,dark purplish blue,purplish blue,dark,purplish blue,6PB,7PB,5,0
201,2.1,dark purplish blue,purplish blue,dark,purplish blue,7PB,9PB,2,0
201,2.2,dark purplish blue,purplish blue,dark,purplish blue,7PB,9PB,2,2
201,2.3,dark purplish blue,purplish blue,dark,purplish blue,7PB,9PB,7,2
201,2.4,dark purplish blue,purplish blue,dark,purplish blue,7PB,9PB,7,0
202,1.1,very pale purplish blue,purplish blue,very pale,purplish blue,4PB,9PB,3,7.5
202,1.2,very pale purplish blue,purplish blue,very pale,purplish blue,4PB,9PB,3,10
202,1.3,very pale purplish blue,purplish blue,very pale,purplish blue,4PB,9PB,5,10
202,1.4,very pale purplish blue,purplish blue,very pale,purplish blue,4PB,9PB,5,7.5
203,1.1,pale purplish blue,purplish blue,pale,purplish blue,5PB,9PB,3,4.5
203,1.2,pale purplish blue,purplish blue,pale,purplish blue,5PB,9PB,3,7.5
203,1.3,pale purplish blue,purplish blue,pale,purplish blue,5PB,9PB,5,7.5
203,1.4,pale purplish blue,purplish blue,pale,purplish blue,5PB,9PB,5,4.5
204,1.1,grayish purplish blue,purplish blue,grayish,purplish blue,5PB,6PB,3,3
204,1.2,grayish purplish blue,purplish blue,grayish,purplish blue,5PB,6PB,3,4.5
204,1.3,grayish purplish blue,purplish blue,grayish,purplish blue,5PB,6PB,5,4.5
204,1.4,grayish purplish blue,purplish blue,grayish,purplish blue,5PB,6PB,5,3
204,2.1,grayish purplish blue,purplish blue,grayish,purplish blue,6PB,9PB,2,2
204,2.2,grayish purplish blue,purplish blue,grayish,purplish blue,6PB,9PB,2,2.5
204,2.3,grayish purplish blue,purplish blue,grayish,purplish blue,6PB,9PB,3,2.5
204,2.4,grayish purplish blue,purplish blue,grayish,purplish blue,6PB,9PB,3,4.5
204,2.5,grayish purplish blue,purplish blue,grayish,purplish blue,6PB,9PB,5,4.5
204,2.6,grayish purplish blue,purplish blue,grayish,purplish blue,6PB,9PB,5,2
205,1.1,vivid violet,violet,vivid,violet,9PB,3P,13,0
205,1.2,vivid violet,violet,vivid,violet,9PB,3P,13,10
205,1.3,vivid violet,violet,vivid,violet,9PB,3P,50,10
205,1.4,vivid violet,violet,vivid,violet,9PB,3P,50,0
206,1.1,brilliant violet,violet,brilliant,violet,9PB,3P,9,4.5
206,1.2,brilliant violet,violet,brilliant,violet,9PB,3P,9,10
206,1.3,brilliant violet,violet,brilliant,violet,9PB,3P,13,10
206,1.4,brilliant violet,violet,brilliant,violet,9PB,3P,13,4.5
207,1.1,strong violet,violet,strong,violet,9PB,3P,9,2.5
207,1.2,strong violet,violet,strong,violet,9PB,3P,9,4.5
207,1.3,strong violet,violet,strong,violet,9PB,3P,13,4.5
207,1.4,strong violet,violet,strong,violet,9PB,3P,13,2.5
208,1.1,deep violet,violet,deep,violet,9PB,3P,7,0
208,1.2,deep violet,violet,deep,violet,9PB,3P,7,2.5
208,1.3,deep violet,violet,deep,violet,9PB,3P,13,2.5
208,1.4,deep violet,violet,deep,violet,9PB,3P,13,0
209,1.1,very light violet,violet,very light,violet,9PB,3P,5,7.5
209,1.2,very light violet,violet,very light,violet,9PB,3P,5,10
209,1.3,very light violet,violet,very light,violet,9PB,3P,9,10
209,1.4,very light violet,violet,very light,violet,9PB,3P,9,7.5
210,1.1,light violet,violet,light,violet,9PB,3P,5,4.5
210,1.2,light violet,violet,light,violet,9PB,3P,5,7.5
210,1.3,light violet,violet,light,violet,9PB,3P,9,7.5
210,1.4,light violet,violet,light,violet,9PB,3P,9,4.5
211,1.1,moderate violet,violet,moderate,violet,9PB,3P,5,2.5
211,1.2,moderate violet,violet,moderate,violet,9PB,3P,5,4.5
211,1.3,moderate violet,violet,moderate,violet,9PB,3P,9,4.5
211,1.4,moderate violet,violet,moderate,violet,9PB,3P,9,2.5
212,1.1,dark violet,violet,dark,violet,9PB,3P,2,0
212,1.2,dark violet,violet,dark,violet,9PB,3P,2,2.5
212,1.3,dark violet,violet,dark,violet,9PB,3P,7,2.5
212,1.4,dark violet,violet,dark,violet,9PB,3P,7,0
213,1.1,very pale violet,violet,very pale,violet,9PB,3P,3,7.5
213,1.2,very pale violet,violet,very pale,violet,9PB,3P,3,10
213,1.3,very pale violet,violet,very pale,violet,9PB,3P,5,10
213,1.4,very pale violet,violet,very pale,violet,9PB,3P,5,7.5
214,1.1,pale violet,violet,pale,violet,9PB,3P,3,4.5
214,1.2,pale violet,violet,pale,violet,9PB,3P,3,7.5
214,1.3,pale violet,violet,pale,violet,9PB,3P,5,7.5
214,1.4,pale violet,violet,pale,violet,9PB,3P,5,4.5
215,1.1,grayish violet,violet,grayish,violet,9PB,3P,3,2.5
215,1.2,grayish violet,violet,grayish,violet,9PB,3P,3,4.5
215,1.3,grayish violet,violet,grayish,violet,9PB,3P,5,4.5
215,1.4,grayish violet,violet,grayish,violet,9PB,3P,5,2.5
216,1.1,vivid purple,purple,vivid,purple,3P,9P,13,0
216,1.2,vivid purple,purple,vivid,purple,3P,9P,13,10
216,1.3,vivid purple,purple,vivid,purple,3P,9P,50,10
216,1.4,vivid purple,purple,vivid,purple,3P,9P,50,0
217,1.1,brilliant purple,purple,brilliant,purple,3P,9P,9,5.5
217,1.2,brilliant purple,purple,brilliant,purple,3P,9P,9,10
217,1.3,brilliant purple,purple,brilliant,purple,3P,9P,13,10
217,1.4,brilliant purple,purple,brilliant,purple,3P,9P,13,5.5
218,1.1,strong purple,purple,strong,purple,3P,9P,9,3.5
218,1.2,strong purple,purple,strong,purple,3P,9P,9,5.5
218,1.3,strong purple,purple,strong,purple,3P,9P,13,5.5
218,1.4,strong purple,purple,strong,purple,3P,9P,13,3.5
219,1.1,deep purple,purple,deep,purple,3P,9P,7,2
219,1.2,deep purple,purple,deep,purple,3P,9P,7,3.5
219,1.3,deep purple,purple,deep,purple,3P,9P,13,3.5
219,1.4,deep purple,purple,deep,purple,3P,9P,13,2
220,1.1,very deep purple,purple,very deep,purple,3P,9P,7,0
220,1.2,very deep purple,purple,very deep,purple,3P,9P,7,2
220,1.3,very deep purple,purple,very deep,purple,3P,9P,13,2
220,1.4,very deep purple,purple,very deep,purple,3P,9P,13,0
221,1.1,very light purple,purple,very light,purple,3P,9P,5,7.5
221,1.2,very light purple,purple,very light,purple,3P,9P,5,10
221,1.3,very light purple,purple,very light,purple,3P,9P,9,10
221,1.4,very light purple,purple,very light,purple,3P,9P,9,7.5
222,1.1,light purple,purple,light,purple,3P,9P,5,5.5
222,1.2,light purple,purple,light,purple,3P,9P,5,7.5
222,1.3,light purple,purple,light,purple,3P,9P,9,7.5
222,1.4,light purple,purple,light,purple,3P,9P,9,5.5
223,1.1,moderate purple,purple,moderate,purple,3P,9P,5,3.5
223,1.2,moderate purple,purple,moderate,purple,3P,9P,5,5.5
223,1.3,moderate purple,purple,moderate,purple,3P,9P,9,5.5
223,1.4,moderate purple,purple,moderate,purple,3P,9P,9,3.5
224,1.1,dark purple,purple,dark,purple,3P,9P,2,2
224,1.2,dark purple,purple,dark,purple,3P,9P,2,2.5
224,1.3,dark purple,purple,dark,purple,3P,9P,3,2.5
224,1.4,dark purple,purple,dark,purple,3P,9P,3,3.5
224,1.5,dark purple,purple,dark,purple,3P,9P,7,3.5
224,1.6,dark purple,purple,dark,purple,3P,9P,7,2
225,1.1,very dark purple,purple,very dark,purple,3P,9P,2,0
225,1.2,very dark purple,purple,very dark,purple,3P,9P,2,2
225,1.3,very dark purple,purple,very dark,purple,3P,9P,7,2
225,1.4,very dark purple,purple,very dark,purple,3P,9P,7,0
226,1.1,very pale purple,purple,very pale,purple,9PB,3P,1.5,7.5
226,1.2,very pale purple,purple,very pale,purple,9PB,3P,1.5,10
226,1.3,very pale purple,purple,very pale,purple,9PB,3P,3,10
226,1.4,very pale purple,purple,very pale,purple,9PB,3P,3,7.5
226,2.1,very pale purple,purple,very pale,purple,3P,9P,1.5,7.5
226,2.2,very pale purple,purple,very pale,purple,3P,9P,1.5,10
226,2.3,very pale purple,purple,very pale,purple,3P,9P,5,10
226,2.4,very pale purple,purple,very pale,purple,3P,9P,5,7.5
227,1.1,pale purple,purple,pale,purple,9PB,3P,1.5,5.5
227,1.2,pale purple,purple,pale,purple,9PB,3P,1.5,7.5
227,1.3,pale purple,purple,pale,purple,9PB,3P,3,7.5
227,1.4,pale purple,purple,pale,purple,9PB,3P,3,5.5
227,2.1,pale purple,purple,pale,purple,3P,9P,1.5,5.5
227,2.2,pale purple,purple,pale,purple,3P,9P,1.5,7.5
227,2.3,pale purple,purple,pale,purple,3P,9P,3,7.5
227,2.4,pale purple,purple,pale,purple,3P,9P,3,5.5
227,3.1,pale purple,purple,pale,purple,9P,1R,1.5,5.5
227,3.2,pale purple,purple,pale,purple,9P,1R,1.5,6.5
227,3.3,pale purple,purple,pale,purple,9P,1R,3,6.5
227,3.4,pale purple,purple,pale,purple,9P,1R,3,5.5
228,1.1,grayish purple,purple,grayish,purple,9PB,3P,1.5,3.5
228,1.2,grayish purple,purple,grayish,purple,9PB,3P,1.5,5.5
228,1.3,grayish purple,purple,grayish,purple,9PB,3P,3,5.5
228,1.4,grayish purple,purple,grayish,purple,9PB,3P,3,3.5
228,2.1,grayish purple,purple,grayish,purple,3P,9P,1.5,3.5
228,2.2,grayish purple,purple,grayish,purple,3P,9P,1.5,5.5
228,2.3,grayish purple,purple,grayish,purple,3P,9P,5,5.5
228,2.4,grayish purple,purple,grayish,purple,3P,9P,5,3.5
228,3.1,grayish purple,purple,grayish,purple,9P,1R,1.5,3.5
228,3.2,grayish purple,purple,grayish,purple,9P,1R,1.5,5.5
228,3.3,grayish purple,purple,grayish,purple,9P,1R,3,5.5
228,3.4,grayish purple,purple,grayish,purple,9P,1R,3,3.5
229,1.1,dark grayish purple,purple,dark grayish,purple,9PB,1R,0.5,2
229,1.2,dark grayish purple,purple,dark grayish,purple,9PB,1R,0.5,2.5
229,1.3,dark grayish purple,purple,dark grayish,purple,9PB,1R,1.5,2.5
229,1.4,dark grayish purple,purple,dark grayish,purple,9PB,1R,1.5,3.5
229,1.5,dark grayish purple,purple,dark grayish,purple,9PB,1R,3,3.5
229,1.6,dark grayish purple,purple,dark grayish,purple,9PB,1R,3,2.5
229,1.7,dark grayish purple,purple,dark grayish,purple,9PB,1R,2,2.5
229,1.8,dark grayish purple,purple,dark grayish,purple,9PB,1R,2,2
230,1.1,blackish purple,purple,blackish,purple,9PB,1R,1,0
230,1.2,blackish purple,purple,blackish,purple,9PB,1R,1,2
230,1.3,blackish purple,purple,blackish,purple,9PB,1R,2,2
230,1.4,blackish purple,purple,blackish,purple,9PB,1R,2,0
231,1.1,purplish white,purple,-ish white,purple,9PB,9RP,0.5,8.5
231,1.2,purplish white,purple,-ish white,purple,9PB,9RP,0.5,10
231,1.3,purplish white,purple,-ish white,purple,9PB,9RP,1.5,10
231,1.4,purplish white,purple,-ish white,purple,9PB,9RP,1.5,8.5
232,1.1,light purplish gray,purple,light -ish gray,purple,9PB,9RP,0.5,6.5
232,1.2,light purplish gray,purple,light -ish gray,purple,9PB,9RP,0.5,8.5
232,1.3,light purplish gray,purple,light -ish gray,purple,9PB,9RP,1.5,8.5
232,1.4,light purplish gray,purple,light -ish gray,purple,9PB,9RP,1.5,6.5
233,1.1,purplish gray,purple,-ish gray,purple,9PB,1R,0.5,4.5
233,1.2,purplish gray,purple,-ish gray,purple,9PB,1R,0.5,6.5
233,1.3,purplish gray,purple,-ish gray,purple,9PB,1R,1.5,6.5
233,1.4,purplish gray,purple,-ish gray,purple,9PB,1R,1.5,4.5
234,1.1,dark purplish gray,purple,dark -ish gray,purple,9PB,1R,0.5,2.5
234,1.2,dark purplish gray,purple,dark -ish gray,purple,9PB,1R,0.5,4.5
234,1.3,dark purplish gray,purple,dark -ish gray,purple,9PB,1R,1.5,4.5
234,1.4,dark purplish gray,purple,dark -ish gray,purple,9PB,1R,1.5,2.5
235,1.1,purplish black,purple,-ish black,purple,9PB,1R,0.5,0
235,1.2,purplish black,purple,-ish black,purple,9PB,1R,0.5,2
235,1.3,purplish black,purple,-ish black,purple,9PB,1R,1,2
235,1.4,purplish black,purple,-ish black,purple,9PB,1R,1,0
236,1.1,vivid reddish purple,reddish purple,vivid,reddish purple,9P,3RP,13,0
236,1.2,vivid reddish purple,reddish purple,vivid,reddish purple,9P,3RP,13,5.5
236,1.3,vivid reddish purple,reddish purple,vivid,reddish purple,9P,3RP,15,5.5
236,1.4,vivid reddish purple,reddish purple,vivid,reddish purple,9P,3RP,15,6.5
236,1.5,vivid reddish purple,reddish purple,vivid,reddish purple,9P,3RP,50,6.5
236,1.6,vivid reddish purple,reddish purple,vivid,reddish purple,9P,3RP,50,0
237,1.1,strong reddish purple,reddish purple,strong,reddish purple,9P,3RP,9,3.5
237,1.2,strong reddish purple,reddish purple,strong,reddish purple,9P,3RP,9,5.5
237,1.3,strong reddish purple,reddish purple,strong,reddish purple,9P,3RP,13,5.5
237,1.4,strong reddish purple,reddish purple,strong,reddish purple,9P,3RP,13,3.5
238,1.1,deep reddish purple,reddish purple,deep,reddish purple,9P,3RP,7,2
238,1.2,deep reddish purple,reddish purple,deep,reddish purple,9P,3RP,7,3.5
238,1.3,deep reddish purple,reddish purple,deep,reddish purple,9P,3RP,13,3.5
238,1.4,deep reddish purple,reddish purple,deep,reddish purple,9P,3RP,13,2
239,1.1,very deep reddish purple,reddish purple,very deep,reddish purple,9P,3RP,7,0
239,1.2,very deep reddish purple,reddish purple,very deep,reddish purple,9P,3RP,7,2
239,1.3,very deep reddish purple,reddish purple,very deep,reddish purple,9P,3RP,13,2
239,1.4,very deep reddish purple,reddish purple,very deep,reddish purple,9P,3RP,13,0
240,1.1,light reddish purple,reddish purple,light,reddish purple,9P,3RP,5,5.5
240,1.2,light reddish purple,reddish purple,light,reddish purple,9P,3RP,5,6.5
240,1.3,light reddish purple,reddish purple,light,reddish purple,9P,3RP,9,6.5
240,1.4,light reddish purple,reddish purple,light,reddish purple,9P,3RP,9,5.5
241,1.1,moderate reddish purple,reddish purple,moderate,reddish purple,9P,3RP,5,3.5
241,1.2,moderate reddish purple,reddish purple,moderate,reddish purple,9P,3RP,5,5.5
241,1.3,moderate reddish purple,reddish purple,moderate,reddish purple,9P,3RP,9,5.5
241,1.4,moderate reddish purple,reddish purple,moderate,reddish purple,9P,3RP,9,3.5
242,1.1,dark reddish purple,reddish purple,dark,reddish purple,9P,3RP,2,2
242,1.2,dark reddish purple,reddish purple,dark,reddish purple,9P,3RP,2,2.5
242,1.3,dark reddish purple,reddish purple,dark,reddish purple,9P,3RP,3,2.5
242,1.4,dark reddish purple,reddish purple,dark,reddish purple,9P,3RP,3,3.5
242,1.5,dark reddish purple,reddish purple,dark,reddish purple,9P,3RP,7,3.5
242,1.6,dark reddish purple,reddish purple,dark,reddish purple,9P,3RP,7,2
243,1.1,very dark reddish purple,reddish purple,very dark,reddish purple,9P,3RP,2,0
243,1.2,very dark reddish purple,reddish purple,very dark,reddish purple,9P,3RP,2,2
243,1.3,very dark reddish purple,reddish purple,very dark,reddish purple,9P,3RP,7,2
243,1.4,very dark reddish purple,reddish purple,very dark,reddish purple,9P,3RP,7,0
244,1.1,pale reddish purple,reddish purple,pale,reddish purple,9P,3RP,3,5.5
244,1.2,pale reddish purple,reddish purple,pale,reddish purple,9P,3RP,3,6.5
244,1.3,pale reddish purple,reddish purple,pale,reddish purple,9P,3RP,5,6.5
244,1.4,pale reddish purple,reddish purple,pale,reddish purple,9P,3RP,5,5.5
245,1.1,grayish reddish purple,reddish purple,grayish,reddish purple,9P,3RP,3,3.5
245,1.2,grayish reddish purple,reddish purple,grayish,reddish purple,9P,3RP,3,5.5
245,1.3,grayish reddish purple,reddish purple,grayish,reddish purple,9P,3RP,5,5.5
245,1.4,grayish reddish purple,reddish purple,grayish,reddish purple,9P,3RP,5,3.5
246,1.1,brilliant purplish pink,purplish pink,brilliant,purplish pink,9P,9RP,9,7.5
246,1.2,brilliant purplish pink,purplish pink,brilliant,purplish pink,9P,9RP,9,10
246,1.3,brilliant purplish pink,purplish pink,brilliant,purplish pink,9P,9RP,50,10
246,1.4,brilliant purplish pink,purplish pink,brilliant,purplish pink,9P,9RP,50,7.5
247,1.1,strong purplish pink,purplish pink,strong,purplish pink,9P,9RP,9,6.5
247,1.2,strong purplish pink,purplish pink,strong,purplish pink,9P,9RP,9,7.5
247,1.3,strong purplish pink,purplish pink,strong,purplish pink,9P,9RP,50,7.5
247,1.4,strong purplish pink,purplish pink,strong,purplish pink,9P,9RP,50,6.5
248,1.1,deep purplish pink,purplish pink,deep,purplish pink,9P,9RP,9,5.5
248,1.2,deep purplish pink,purplish pink,deep,purplish pink,9P,9RP,9,6.5
248,1.3,deep purplish pink,purplish pink,deep,purplish pink,9P,9RP,15,6.5
248,1.4,deep purplish pink,purplish pink,deep,purplish pink,9P,9RP,15,5.5
249,1.1,light purplish pink,purplish pink,light,purplish pink,9P,9RP,5,7.5
249,1.2,light purplish pink,purplish pink,light,purplish pink,9P,9RP,5,10
249,1.3,light purplish pink,purplish pink,light,purplish pink,9P,9RP,9,10
249,1.4,light purplish pink,purplish pink,light,purplish pink,9P,9RP,9,7.5
250,1.1,moderate purplish pink,purplish pink,moderate,purplish pink,9P,9RP,5,6.5
250,1.2,moderate purplish pink,purplish pink,moderate,purplish pink,9P,9RP,5,7.5
250,1.3,moderate purplish pink,purplish pink,moderate,purplish pink,9P,9RP,9,7.5
250,1.4,moderate purplish pink,purplish pink,moderate,purplish pink,9P,9RP,9,6.5
251,1.1,dark purplish pink,purplish pink,dark,purplish pink,3RP,9RP,5,5.5
251,1.2,dark purplish pink,purplish pink,dark,purplish pink,3RP,9RP,5,6.5
251,1.3,dark purplish pink,purplish pink,dark,purplish pink,3RP,9RP,9,6.5
251,1.4,dark purplish pink,purplish pink,dark,purplish pink,3RP,9RP,9,5.5
252,1.1,pale purplish pink,purplish pink,pale,purplish pink,9P,9RP,1.5,7.5
252,1.2,pale purplish pink,purplish pink,pale,purplish pink,9P,9RP,1.5,10
252,1.3,pale purplish pink,purplish pink,pale,purplish pink,9P,9RP,5,10
252,1.4,pale purplish pink,purplish pink,pale,purplish pink,9P,9RP,5,7.5
253,1.1,grayish purplish pink,purplish pink,grayish,purplish pink,9P,9RP,1.5,6.5
253,1.2,grayish purplish pink,purplish pink,grayish,purplish pink,9P,9RP,1.5,7.5
253,1.3,grayish purplish pink,purplish pink,grayish,purplish pink,9P,9RP,5,7.5
253,1.4,grayish purplish pink,purplish pink,grayish,purplish pink,9P,9RP,5,6.5
254,1.1,vivid purplish red,purplish pink,vivid,purplish pink,3RP,1R,11,0
254,1.2,vivid purplish red,purplish pink,vivid,purplish pink,3RP,1R,11,2
254,1.3,vivid purplish red,purplish pink,vivid,purplish pink,3RP,1R,13,2
254,1.4,vivid purplish red,purplish pink,vivid,purplish pink,3RP,1R,13,5.5
254,1.5,vivid purplish red,purplish pink,vivid,purplish pink,3RP,1R,15,5.5
254,1.6,vivid purplish red,purplish pink,vivid,purplish pink,3RP,1R,15,6.5
254,1.7,vivid purplish red,purplish pink,vivid,purplish pink,3RP,1R,50,6.5
254,1.8,vivid purplish red,purplish pink,vivid,purplish pink,3RP,1R,50,0
255,1.1,strong purplish red,purplish pink,strong,purplish pink,3RP,1R,11,3.5
255,1.2,strong purplish red,purplish pink,strong,purplish pink,3RP,1R,11,5.5
255,1.3,strong purplish red,purplish pink,strong,purplish pink,3RP,1R,13,5.5
255,1.4,strong purplish red,purplish pink,strong,purplish pink,3RP,1R,13,3.5
256,1.1,deep purplish red,purplish red,deep,purplish red,3RP,1R,9,2
256,1.2,deep purplish red,purplish red,deep,purplish red,3RP,1R,9,3.5
256,1.3,deep purplish red,purplish red,deep,purplish red,3RP,1R,13,3.5
256,1.4,deep purplish red,purplish red,deep,purplish red,3RP,1R,13,2
257,1.1,very deep purplish red,purplish red,very deep,purplish red,3RP,1R,7,0
257,1.2,very deep purplish red,purplish red,very deep,purplish red,3RP,1R,7,2
257,1.3,very deep purplish red,purplish red,very deep,purplish red,3RP,1R,11,2
257,1.4,very deep purplish red,purplish red,very deep,purplish red,3RP,1R,11,0
258,1.1,moderate purplish red,purplish red,moderate,purplish red,3RP,1R,7,3.5
258,1.2,moderate purplish red,purplish red,moderate,purplish red,3RP,1R,7,5.5
258,1.3,moderate purplish red,purplish red,moderate,purplish red,3RP,1R,11,5.5
258,1.4,moderate purplish red,purplish red,moderate,purplish red,3RP,1R,11,3.5
259,1.1,dark purplish red,purplish red,dark,purplish red,3RP,1R,2,2
259,1.2,dark purplish red,purplish red,dark,purplish red,3RP,1R,2,2.5
259,1.3,dark purplish red,purplish red,dark,purplish red,3RP,1R,3,2.5
259,1.4,dark purplish red,purplish red,dark,purplish red,3RP,1R,3,3.5
259,1.5,dark purplish red,purplish red,dark,purplish red,3RP,1R,9,3.5
259,1.6,dark purplish red,purplish red,dark,purplish red,3RP,1R,9,2
260,1.1,very dark purplish red,purplish red,very dark,purplish red,3RP,1R,2,0
260,1.2,very dark purplish red,purplish red,very dark,purplish red,3RP,1R,2,2
260,1.3,very dark purplish red,purplish red,very dark,purplish red,3RP,1R,7,2
260,1.4,very dark purplish red,purplish red,very dark,purplish red,3RP,1R,7,0
261,1.1,light grayish purplish red,purplish red,pale,purplish red,3RP,9RP,3,5.5
261,1.2,light grayish purplish red,purplish red,pale,purplish red,3RP,9RP,3,6.5
261,1.3,light grayish purplish red,purplish red,pale,purplish red,3RP,9RP,5,6.5
261,1.4,light grayish purplish red,purplish red,pale,purplish red,3RP,9RP,5,5.5
262,1.1,grayish purplish red,purplish red,grayish,purplish red,3RP,1R,3,3.5
262,1.2,grayish purplish red,purplish red,grayish,purplish red,3RP,1R,3,5.5
262,1.3,grayish purplish red,purplish red,grayish,purplish red,3RP,1R,7,5.5
262,1.4,grayish purplish red,purplish red,grayish,purplish red,3RP,1R,7,3.5
263,1.1,white,white,,white,1R,7YR,0,8.5
263,1.2,white,white,,white,1R,7YR,0,10
263,1.3,white,white,,white,1R,7YR,0.5,10
263,1.4,white,white,,white,1R,7YR,0.5,8.5
263,2.1,white,white,,white,7YR,9Y,0,8.5
263,2.2,white,white,,white,7YR,9Y,0,10
263,2.3,white,white,,white,7YR,9Y,0.7,10
263,2.4,white,white,,white,7YR,9Y,0.7,8.5
263,3.1,white,white,,white,9Y,9RP,0,8.5
263,3.2,white,white,,white,9Y,9RP,0,10
263,3.3,white,white,,white,9Y,9RP,0.5,10
263,3.4,white,white,,white,9Y,9RP,0.5,8.5
264,1.1,light gray,gray,light,gray,1R,7YR,0,6.5
264,1.2,light gray,gray,light,gray,1R,7YR,0,8.5
264,1.3,light gray,gray,light,gray,1R,7YR,0.5,8.5
264,1.4,light gray,gray,light,gray,1R,7YR,0.5,6.5
264,2.1,light gray,gray,light,gray,7YR,9Y,0,6.5
264,2.2,light gray,gray,light,gray,7YR,9Y,0,8.5
264,2.3,light gray,gray,light,gray,7YR,9Y,0.7,8.5
264,2.4,light gray,gray,light,gray,7YR,9Y,0.7,6.5
264,3.1,light gray,gray,light,gray,9Y,1R,0,6.5
264,3.2,light gray,gray,light,gray,9Y,1R,0,8.5
264,3.3,light gray,gray,light,gray,9Y,1R,0.5,8.5
264,3.4,light gray,gray,light,gray,9Y,1R,0.5,6.5
265,1.1,medium gray,gray,medium,gray,1R,7YR,0,4.5
265,1.2,medium gray,gray,medium,gray,1R,7YR,0,6.5
265,1.3,medium gray,gray,medium,gray,1R,7YR,0.5,6.5
265,1.4,medium gray,gray,medium,gray,1R,7YR,0.5,4.5
265,2.1,medium gray,gray,medium,gray,7YR,9Y,0,4.5
265,2.2,medium gray,gray,medium,gray,7YR,9Y,0,6.5
265,2.3,medium gray,gray,medium,gray,7YR,9Y,0.7,6.5
265,2.4,medium gray,gray,medium,gray,7YR,9Y,0.7,4.5
265,3.1,medium gray,gray,medium,gray,9Y,1R,0,4.5
265,3.2,medium gray,gray,medium,gray,9Y,1R,0,6.5
265,3.3,medium gray,gray,medium,gray,9Y,1R,0.5,6.5
265,3.4,medium gray,gray,medium,gray,9Y,1R,0.5,4.5
266,1.1,dark gray,grey,dark,grey,1R,7YR,0,2.5
266,1.2,dark gray,grey,dark,grey,1R,7YR,0,4.5
266,1.3,dark gray,grey,dark,grey,1R,7YR,0.5,4.5
266,1.4,dark gray,grey,dark,grey,1R,7YR,0.5,2.5
266,2.1,dark gray,grey,dark,grey,7YR,9Y,0,2.5
266,2.2,dark gray,grey,dark,grey,7YR,9Y,0,4.5
266,2.3,dark gray,grey,dark,grey,7YR,9Y,0.5,4.5
266,2.4,dark gray,grey,dark,grey,7YR,9Y,0.5,2.5
266,3.1,dark gray,grey,dark,grey,9Y,1R,0,2.5
266,3.2,dark gray,grey,dark,grey,9Y,1R,0,4.5
266,3.3,dark gray,grey,dark,grey,9Y,1R,0.5,4.5
266,3.4,dark gray,grey,dark,grey,9Y,1R,0.5,2.5
267,1.1,black,black,,black,1R,7YR,0,0
267,1.2,black,black,,black,1R,7YR,0,2.5
267,1.3,black,black,,black,1R,7YR,0.5,2.5
267,1.4,black,black,,black,1R,7YR,0.5,0
267,2.1,black,black,,black,7YR,9Y,0,0
267,2.2,black,black,,black,7YR,9Y,0,2.5
267,2.3,black,black,,black,7YR,9Y,0.5,2.5
267,2.4,black,black,,black,7YR,9Y,0.5,0
267,3.1,black,black,,black,9Y,1R,0,0
267,3.2,black,black,,black,9Y,1R,0,2.5
267,3.3,black,black,,black,9Y,1R,0.5,2.5
267,3.4,black,black,,black,9Y,1R,0.5,0